{
  "active": false,
  "changes": [
    {
      "date": "12/04/2020",
      "description": "Servidor cerrado"
    },
    {
      "date": "04/09/2019",
      "description": "Reparar por cambios internos"
    },
    {
      "date": "03/07/2019",
      "description": "Reparar por cambios internos"
    },
    {
      "date": "26/04/2019",
      "description": "Reparar por cambios internos"
    },
    {
      "date": "22/02/2019",
      "description": "Primera version"
    }
  ],
  "find_videos": {
    "ignore_urls": [],
    "patterns": [
      {
        "pattern": "https?://flix555.com/(?:embed-|)([A-z0-9]+)(?:\\.html|)",
        "url": "https://flix555.com/embed-\\1.html"
      }
    ]
  },
  "free": true,
  "id": "flix555",
  "name": "Flix555",
  "settings": [],
  "version": 4
}