{
  "active": true,
  "changes": [
    {
      "date": "27/08/2020",
      "description": "Añadir nuevas IDs"
    },
    {
      "date": "04/04/2020",
      "description": "Modificar patron"
    },
    {
      "date": "08/03/2020",
      "description": "Modificar patron"
    },
    {
      "date": "05/01/2020",
      "description": "Cambios en el patron"
    },
    {
      "date": "26/01/2019",
      "description": "Primera version"
    }
  ],
  "find_videos": {
    "ignore_urls": [],
    "patterns": [
      {
        "pattern": "((?:fembed|ilovefembed|fembedisthebest|jplayer)\\.(?:com|club|best|rest))/(?:v|f)/([A-z-0-9]+)",
        "url": "https://www.\\1/api/source/\\2"
      }
    ]
  },
  "free": true,
  "id": "fembed",
  "ids": [
        "ilovefembed",  "fembedisthebest", "jplayer"
  ],
  "name": "Fembed",
  "settings": [],
  "version": 5
}