{
    "active": true,
    "adult": false,
    "categories": [
        "movie",
        "tvshow"
    ],
    "changes": [
      {
            "date": "13/11/2018",
            "description": "Fix enlaces multiepisodios"
      },
      {
            "date": "04/11/2018",
            "description": "Cambios en la web"
      },
      {
            "date": "12/09/2018",
            "description": "Fix en novedades globales"
      },
      {
          "date": "12/07/2018",
          "description": "Primera versión"
      }
    ],
    "id": "grantorrent",
    "min_version": {
        "main": "1.0.4",
        "python": "2.7.9"
    },
    "name": "Grantorrent",
    "search": {
        "movie": {
          "action": "movie_search",
          "content_type": "movies"
        },
        "tvshow": {
          "action": "tv_search",
          "content_type": "tvshows"
        }
    },
    "newest": {
        "movie": {
          "action": "movies",
          "content_type": "movies"
        },
        "episode":{
          "action": "newest_episodes",
          "content_type": "episodes"
        }
    },
    "settings": [],
    "version": 4
}