{
    "active": true,
    "adult": false,
    "categories": [
        "movie",
        "tvshow"
    ],
    "changes": [
        {
            "date": "09/11/2018",
            "description": "Primera versión"
        }
    ],
    "id": "newpct",
    "min_version": {
        "main": "1.0.4",
        "python": "2.7.9"
    },
    "name": "Newpct",
    "search": {
        "movie":{
            "action": "search",
            "content_type": "movies"
        },
        "tvshow": {
            "action": "search",
            "content_type": "tvshows"
        }
    },
    "newest": {
        "movie": {
          "action": "movies",
          "categoryIDR": 1027,
          "content_type": "movies"
        },
        "tvshow": {
          "action": "tvshows",
          "content_type": "tvshows"
        },
        "episode":{
          "action": "newest_episodes",
          "categoryIDR": 1469,
          "content_type": "episodes"
        }
    },
    "settings": [],
    "version": 1
}