<?xml version="1.0" encoding="UTF-8"?>
<addon id="skin.estuary.uModPrimit" version="3.0.5" name="Estuary uMod Primit" provider-name="darkozma, devalls, phil65, Ichabod Fletchman">
	<requires>
		<import addon="xbmc.gui" version="5.12.0"/>
                <import addon="resource.images.skinbackgrounds.clearMod" version="1.0.6"/>    
                <import addon="resource.images.weatherfanart.faded" optional="true"/>
                <import addon="resource.images.moviegenrefanart.wall-grey" optional="true"/>
	</requires>
	<extension point="xbmc.gui.skin" debugging="false">
		<res width="1920" height="1440" aspect="4:3" default="false" folder="xml" />
		<res width="1920" height="1280" aspect="3:2" default="false" folder="xml" />
		<res width="1920" height="1200" aspect="16:10" default="false" folder="xml" />
		<res width="1920" height="1080" aspect="16:9" default="true" folder="xml" />
		<res width="2560" height="1080" aspect="21:9" default="false" folder="xml" />
	</extension>
	<extension point="xbmc.addon.metadata">
		<summary lang="ca_ES">Aparença Estuary uMod (només per Ubuntu i scripts) per darkozma, devalls, phil65 i Piers.</summary>
		<summary lang="en_GB">Estuary uMod skin (only for Ubuntu and scripts) by darkozma, devalls, phil65 and Piers.</summary>
		<summary lang="es_ES">Skin Estuary uMod (solo para Ubuntu y scripts), creado por darkozma, devalls, phil65 and Piers.</summary>
		<description lang="ca_ES">Estuary uMod és una modificació de l'aparença predeterminada de Kodi 17.0 (només per Ubuntu mes scripts).</description>
		<description lang="en_GB">Estuary uMod is a mod of the default skin for Kodi 17.0 (only for Ubuntu with scripts).</description>
		<description lang="es_ES">Estuary uMod es un mod del skin por defecto para Kodi 17.0 (solo para Ubuntu mas scripts).</description>
		<disclaimer lang="ca_ES">[COLOR red]Estuary uMod és una aparença modificada per a Kodi. Només funciona a Ubuntu i requereix scripts adicionals o podria provocar problemes.[/COLOR]</disclaimer>
		<disclaimer lang="en_GB">[COLOR red]Estuary uMod is a mod skin for Kodi. Only work on Ubuntu and require addicional scripts or it may cause issues.[/COLOR]</disclaimer>
		<disclaimer lang="es_ES">[COLOR red]Estuary uMod es una modificación del skin para Kodi. Solo funciona en Ubuntu y requiere scripts adicionales o podría causar problemas.[/COLOR]</disclaimer>
		<platform>linux</platform>
		<license>CC BY-SA 4.0, GNU GENERAL PUBLIC LICENSE Version 2.0</license>
		<forum>https://github.com/devalls/skin-mod/issues/new</forum>
		<source>https://github.com/devalls/skin-mod</source>
		<assets>
			<icon>resources/icon.png</icon>
			<fanart>resources/fanart.jpg</fanart>
			<screenshot>resources/screenshot-01.png</screenshot>
			<screenshot>resources/screenshot-02.png</screenshot>
			<screenshot>resources/screenshot-03.png</screenshot>
			<screenshot>resources/screenshot-04.png</screenshot>
			<screenshot>resources/screenshot-05.png</screenshot>
			<screenshot>resources/screenshot-06.png</screenshot>		
			<screenshot>resources/screenshot-07.png</screenshot>
			<screenshot>resources/screenshot-08.png</screenshot>
			<screenshot>resources/screenshot-09.png</screenshot>
		</assets>
		<news>[COLOR blue][B]Skin Estuary uMod Primit[/B][/COLOR]
[COLOR green][B]•3.0.5[/B] Add requires.[/COLOR]
[COLOR yellow][B]•3.0.3[/B] Mod based on Skin Estuary uMod 2.9.8[/COLOR]
[COLOR yellow][B]•2.9.8[/B] Skin Estuary uMod. Change categories GT/NF.[/COLOR]
</news>
	</extension>
</addon>
