{
    "active": true, 
    "changes": [
        {
            "date": "23/08/2017", 
            "description": "Primera version"
        }
    ], 
    "find_videos": {
        "ignore_urls": [], 
        "patterns": [
            {
                "pattern": "http://(?:youwatch.org|chouhaa.info)/(?:embed-|)([a-z0-9]+)", 
                "url": "http://youwatch.org/embed-\\1.html"
            }
        ]
    }, 
    "free": true, 
    "id": "youwatch", 
    "name": "Youwatch",
    "settings": [],
    "version": 1
}