{
    "active": true,
    "changes": [
        {
            "date": "26/08/2020",
            "description": "Añadir cabecera si es necesaria"
        },
        {
            "date": "13/07/2020",
            "description": "Detectar vídeos en proceso"
        },
        {
            "date": "30/03/2020",
            "description": "Cambios internos"
        },
        {
            "date": "22/05/2019",
            "description": "Primera version"
        }
    ],
    "find_videos": {
        "ignore_urls": [],
        "patterns": [
            {
                "pattern": "gounlimited.to/(?:embed-|)([a-z0-9]+)",
                "url": "https://gounlimited.to/embed-\\1.html"
            }
        ]
    },
    "free": true,
    "id": "gounlimited",
    "ids": [],
    "name": "GO Unlimited",
    "settings": [],
    "version": 4
}
