{
  "active": true,
  "changes": [
    {
      "date": "05/03/2020",
      "description": "Cambios internos"
    },
    {
      "date": "02/01/2020",
      "description": "Primera version"
    }
  ],
  "find_videos": {
    "ignore_urls": [],
    "patterns": [
      {
        "pattern": "videomega.co/(?:e/|)([0-9a-z]+)",
        "url": "https://www.videomega.co/d/\\1"
      }
    ]
  },
  "free": true,
  "id": "videomega",
  "name": "VideoMega",
  "settings": [],
  "version": 2
}