{
    "active": true,
    "adult": false,
    "categories": [
        "movie",
        "tvshow"
    ],
    "changes": [
        {
          "date": "28/11/2018",
          "description": "Adaptado list_all y Search para uso con load_json. Correcciones menores. Añadido item Novedades a Películas y Series."
        },
        {
          "date": "26/11/2018",
          "description": "Optimizado rendimiento."
        },
        {
          "date": "24/11/2018",
          "description": "Optimizado código item next page y patrones. Añadido item next page a Search."
        },
        {
          "date": "21/11/2018",
          "description": "Canal totalmente reformado tomando como base la API"
        },
        {
          "date": "14/11/2018",
          "description": "Reparado poster en listado y añadido a Search. Mejorado sistema obtención idioma"
        },
        {
          "date": "09/11/2018",
          "description": "Añadido item next page."
        },
        {
          "date": "07/11/2018",
          "description": "Primera versión"
      }
    ],
    "id": "pelismagnet",
    "min_version": {
        "main": null,
        "python": null
    },
    "name": "Pelismagnet",
    "search": {
        "movie": {
          "action": "movie_search",
          "content_type": "movies"
        },
        "tvshow": {
          "action": "tv_search",
          "content_type": "tvshows"
        }
    },
    "newest": {
        "movie": {
          "action": "list_all",
          "url": "https://pelismag.net/api?sort_by=date_added&page=0",
          "content_type": "movies"
        },
        "tvshow":{
          "action": "list_all",
          "url": "https://pelismag.net/seapi?sort_by=date_added&page=0",
          "content_type": "tvshows"
        }
    },
    "settings": [],
    "version": 7
}
