﻿<?xml version="1.0" encoding="UTF-8" standalone="yes"?>
<addon id="resource.images.skinbackgrounds.clearMod" name="Skin Backgrounds - Clear Design Mod" version="1.0.8" provider-name="Orna Post, Benny Buchnik, devalls">
	<extension point="kodi.resource.images" compile="false" type="skinbackgrounds" />
	<requires>
		<import addon="kodi.resource" version="1.0.0"/>
	</requires>
	<extension point="xbmc.addon.metadata">
		<summary lang="en">Skin backgrounds Pack - Clear Design Mod</summary>
		<description lang="en">Skin backgrounds Pack - Clear Design Mod</description>
		<platform>all</platform>
	</extension>
</addon>
