{
    "active": true, 
    "changes": [
        {
            "date": "20/08/2017", 
            "description": "Primera version"
        }
    ], 
    "find_videos": {
        "ignore_urls": [], 
        "patterns": [
            {
                "pattern": "nowvideo.../(?:video/|embed.php\\?.*v=)([A-z0-9]+)", 
                "url": "http://embed.nowvideo.sx/embed/?v=\\1"
            }
        ]
    }, 
    "free": true, 
    "id": "nowvideo", 
    "name": "Nowvideo",
    "settings": [], 
    "version": 1
}