{
    "active": true,
    "changes": [
        {
            "date": "19/11/2020",
            "description": "Cambios internos"
        },
        {
            "date": "25/04/2020",
            "description": "Cambios internos"
        },
        {
            "date": "03/03/2020",
            "description": "Primera version"
        }
    ],
    "find_videos": {
        "ignore_urls": [],
        "patterns": [
            {
                "pattern": "streamzz?.(?:cc|ws|to)/([A-z0-9]+)",
                "url": "https://streamzz.to/\\1"
            }
        ]
    },
    "free": true,
    "id": "streamz",
    "name": "StreamZ",
    "settings": [],
    "version": 3
}