{
    "active": true,
    "changes": [
        {
            "date": "12/09/2020",
            "description": "Reparado"
        },
        {
            "date": "03/03/2020",
            "description": "Primera version"
        }
    ],
    "find_videos": {
        "ignore_urls": [],
        "patterns": [
            {
                "pattern": "vidia.tv/(?:embed-|)([A-z0-9]+)",
                "url": "https://vidia.tv/embed-\\1.html"
            }
        ]
    },
    "free": true,
    "id": "vidia",
    "name": "Vidia",
    "settings": [],
    "version": 2
}