{
    "active": true, 
    "changes": [
        {
            "date": "16/12/2020",
            "description": "Primera version"
        }
    ], 
    "find_videos": {
        "ignore_urls": [], 
        "patterns": [
            {
                "pattern": "zplayer.live/(?:video|embed)/([a-z0-9]+)",
                "url": "https://v2.zplayer.live/embed/\\1"
            }
        ]
    }, 
    "free": true, 
    "id": "zplayer",
    "name": "ZPlayer",
    "settings": [],
    "version": 1
}