<?xml version="1.0" encoding="UTF-8" standalone="yes"?>
<addon id="script.module.horus" name="Horus" version="1.1.8.02" provider-name="Caperucitaferoz">
    <requires>
        <import addon="script.module.six" />
    </requires>
    <extension point="xbmc.python.pluginsource" library="default.py">
        <provides>executable</provides>
    </extension>
    <extension point="xbmc.addon.metadata">
        <description>Horus:
"Señor de sus ojos"
"Unificador de las dos tierras"
"Señor de las estrellas circumpolares"
"El de los dos ojos"
        </description>
        <disclaimer>En Horus no vais a encontrar ningún tipo de contenido: ni películas, ni series ni eventos deportivos.</disclaimer>
        <platform>all</platform>
        <assets>
              <icon>icon.png</icon>
              <fanart>fanart.jpg</fanart>
              <screenshot>resources/media/Captura1.png</screenshot>
              <screenshot>resources/media/Captura2.png</screenshot>
              <screenshot>resources/media/Captura3.png</screenshot>
              <screenshot>resources/media/Captura4.png</screenshot>
        </assets>
        <news>
            - Añadido reconocimiento listas acestream en m3u
            - Añadido soporte para enlaces magnet-torrent
        </news>
        <forum>https://t.me/KodiManiac
        https://t.me/acestream_spanish</forum>
    </extension>
</addon>
