<?xml version="1.0" encoding="UTF-8" standalone="yes"?>
<addon id="repository.devalls" name="devalls Repo" version="1.0.7" provider-name="devalls">
    <extension point="xbmc.addon.repository" name="devalls Repo">
        <info>https://raw.githubusercontent.com/devalls/repository/master/addons.xml</info>
        <checksum>https://raw.githubusercontent.com/devalls/repository/master/addons.xml.md5</checksum>
        <datadir zip="true">https://raw.githubusercontent.com/devalls/repository/master</datadir>
    </extension>
    <extension point="xbmc.addon.metadata">
        <summary>Repositorio devalls</summary>
        <description></description>
        <disclaimer>The owners and submitters to this repository do not host or distribute any of the content displayed by these addons nor do they have any affiliation with the content providers.</disclaimer>
        <platform>Ubuntu and Scripts</platform>
    </extension>
</addon>
