{
    "active": true, 
    "adult": false, 
    "categories": [
        "movie", 
        "tvshow"
    ], 
    "changes": [
        {
            "date": "03/07/2019",
            "description": "Cambios en la web"
        },
        {
            "date": "19/02/2019",
            "description": "Fix idiomas"
        },
        {
            "date": "17/01/2019",
            "description": "Cambios en la web"
        },
        {
            "date": "07/01/2019",
            "description": "Cambios en la web"
        },
        {
            "date": "20/10/2018", 
            "description": "Cambios en la web"
        }, 
        {
            "date": "23/09/2018", 
            "description": "Primera versión"
        }
    ], 
    "id": "dixmax", 
    "min_version": {
        "main": "1.1.1",
        "python": "2.7.9"
    }, 
    "name": "DixMax", 
    "newest": {}, 
    "search": {
        "movie": {
            "action": "search", 
            "content_type": "movies"
        }, 
        "movie_gender": {
            "action_gender": "contents", 
            "url": {
                "action": "https://dixmax.com/v2/movies/page/1?year_from=1900&year_to=2019&tmdb_from=0.0&tmdb_to=10.0&genre=20",
                "adventure": "https://dixmax.com/v2/movies/page/1?year_from=1900&year_to=2019&tmdb_from=0.0&tmdb_to=10.0&genre=29",
                "animation": "https://dixmax.com/v2/movies/page/1?year_from=1900&year_to=2019&tmdb_from=0.0&tmdb_to=10.0&genre=57",
                "children": "https://dixmax.com/v2/movies/page/1?year_from=1900&year_to=2019&tmdb_from=0.0&tmdb_to=10.0&genre=60",
                "comedy": "https://dixmax.com/v2/movies/page/1?year_from=1900&year_to=2019&tmdb_from=0.0&tmdb_to=10.0&genre=8",
                "drama": "https://dixmax.com/v2/movies/page/1?year_from=1900&year_to=2019&tmdb_from=0.0&tmdb_to=10.0&genre=3",
                "fantasia": "https://dixmax.com/v2/movies/page/1?year_from=1900&year_to=2019&tmdb_from=0.0&tmdb_to=10.0&genre=28",
                "intrigue": "https://dixmax.com/v2/movies/page/1?year_from=1900&year_to=2019&tmdb_from=0.0&tmdb_to=10.0&genre=14",
                "musical": "https://dixmax.com/v2/movies/page/1?year_from=1900&year_to=2019&tmdb_from=0.0&tmdb_to=10.0&genre=71",
                "romantic": "https://dixmax.com/v2/movies/page/1?year_from=1900&year_to=2019&tmdb_from=0.0&tmdb_to=10.0&genre=25",
                "science-fiction": "https://dixmax.com/v2/movies/page/1?year_from=1900&year_to=2019&tmdb_from=0.0&tmdb_to=10.0&genre=41",
                "terror": "https://dixmax.com/v2/movies/page/1?year_from=1900&year_to=2019&tmdb_from=0.0&tmdb_to=10.0&genre=44",
                "war": "https://dixmax.com/v2/movies/page/1?year_from=1900&year_to=2019&tmdb_from=0.0&tmdb_to=10.0&genre=102"
            }
        }, 
        "tvshow": {
            "action": "search", 
            "content_type": "tvshows"
        }
    }, 
    "settings": [
        {
            "default": "", 
            "enabled": true, 
            "id": "user", 
            "label": "Usuario:", 
            "type": "text", 
            "visible": true
        }, 
        {
            "default": "", 
            "enabled": true, 
            "hidden": true, 
            "id": "password", 
            "label": "Contraseña:", 
            "type": "text", 
            "visible": true
        }
    ], 
    "version": 6
}