{
    "active": true,
    "changes": [
        {
            "date": "17/11/2020",
            "description": "Cambios en la web"
        },
        {
            "date": "03/03/2020",
            "description": "Actualizado User-Agent"
        },
        {
            "date": "11/06/2019",
            "description": "Cambios internos"
        },
        {
            "date": "25/04/2019",
            "description": "HotFix"
        },
        {
            "date": "07/01/2019",
            "description": "Cambios internos"
        },
        {
            "date": "01/09/2018",
            "description": "Incluido soporte js"
        },
        {
            "date": "29/08/2018",
            "description": "Corregido algoritmo"
        },
        {
            "date": "22/08/2017",
            "description": "Primera version"
        }
    ],
    "find_videos": {
        "ignore_urls": [],
        "patterns": [
            {
                "pattern": "gamovideo.com/(?:embed-|)([a-z0-9]+)",
                "url": "http://gamovideo.com/\\1"
            }
        ]
    },
    "free": true,
    "id": "gamovideo",
    "name": "Gamovideo",
    "settings": [],
    "version": 9
}