{
    "active": true, 
    "changes": [
        {
            "date": "10/01/2020",
            "description": "Cambio en código JS"
        },
        {
            "date": "04/01/2020",
            "description": "Añadida nueva id"
        },
        {
            "date": "02/01/2020",
            "description": "Corregido algoritmo"
        },
        {
            "date": "19/09/2019",
            "description": "Corregido patron"
        },
        {
            "date": "04/09/2019",
            "description": "Corregido por cambios en la web"
        },
        {
            "date": "21/05/2019",
            "description": "Corregido por cambios en la web"
        },
        {
            "date": "27/04/2019",
            "description": "Corregido por cambios en la web"
        },
        {
            "date": "01/09/2018",
            "description": "Incluido soporte js"
        },
        {
            "date": "28/08/2018",
            "description": "Corregido algoritmo"
        },
        {
            "date": "08/06/2018",
            "description": "Corregido algoritmo"
        },
        {
            "date": "14/04/2018",
            "description": "Corregido gracias a Alfa Team"
        },
        {
            "date": "19/01/2018",
            "description": "Corregido algoritmo"
        },
        {
            "date": "18/08/2017", 
            "description": "Primera version"
        }
    ], 
    "find_videos": {
        "ignore_urls": [], 
        "patterns": [
            {
                "pattern": "(?:streamplay|streamp1ay).(?:to|me)/(?:embed-|player-|)([a-z0-9]+)(?:.html|)",
                "url": "https://streamp1ay.me/player-\\1-920x360.html"
            }
        ]
    },
    "min_version": {
        "main": "2.0",
        "python": null
    },
    "free": true, 
    "id": "streamplay",
    "ids": [
        "streamp1ay"
    ],
    "name": "Streamplay",
    "settings": [],
    "version": 12
}