<addon id="repository.jacktook" name="Jacktook Add-on Repository" version="0.0.5" provider-name="Sam-Max">
<extension point="xbmc.addon.repository" name="Jacktook Add-on Repository">
<dir>
<info compressed="false">https://raw.githubusercontent.com/Sam-Max/repository.jacktook/master/repo/zips/addons.xml</info>
<checksum>https://raw.githubusercontent.com/Sam-Max/repository.jacktook/master/repo/zips/addons.xml.md5</checksum>
<datadir zip="true">https://raw.githubusercontent.com/Sam-Max/repository.jacktook/master/repo/zips/</datadir>
</dir>
</extension>
<extension point="xbmc.addon.metadata">
<summary>Jacktook Add-on Repository</summary>
<description>Jacktook Repository for Jacktook Addon</description>
<disclaimer/>
<platform>all</platform>
<assets>
<icon>icon.png</icon>
<fanart>fanart.jpg</fanart>
</assets>
</extension>
</addon>