{
  "active": true,
  "name": "Tacones",
  "adult": false,
  "categories": [
    "movie"
  ],
  "changes": [
    {
      "date": "04/02/2021",
      "description": "Primera versión"
    }
  ],
  "id": "tacones",
  "min_version": {
    "main": "2.4.1",
    "python": null
  },
  "search": {
    "movie":{
      "action": "search",
      "content_type": "movies"
    }
  },
    "newest": {
        "movie": {
          "action": "selection",
          "label": "Cine de estreno",
          "content_type": "movies"
    }
  },
  "poster": "https://github.com/devalls/media/raw/master/images/poster/tacones.png",
  "icon": "https://github.com/devalls/media/raw/master/images/icon/tacones.png",
  "thumb": "https://github.com/devalls/media/raw/master/images/thumb/tacones.png",
  "fanart": "https://github.com/devalls/media/raw/master/images/fanart/tacones.jpg",
  "settings": [],
  "version": 1
}
