{
    "active": true,
    "changes": [
        {
            "date": "13/12/2020",
            "description": "Cambio header"
        },
        {
            "date": "31/08/2020",
            "description": "Corrección del patrón"
        },
        {
            "date": "25/08/2019",
            "description": "Reactivado"
        },
        {
            "date": "05/07/2019",
            "description": "Cambios internos"
        },
        {
            "date": "06/06/2019",
            "description": "Corrección del patrón"
        },
        {
            "date": "26/05/2019",
            "description": "Añadido metodo alternativo para algunos videos"
        },
        {
            "date": "22/05/2019",
            "description": "Primera version"
        }
    ], 
    "find_videos": {
        "ignore_urls": [], 
        "patterns": [
            {
                "pattern": "(jetload.(?:net|tv|to))/(?:[a-zA-Z]/|#!/v/|#!/d/|.*?embed\\.php\\?u=)?([a-zA-Z0-9]+)",
                "url": "https://\\1/e/\\2"
            }
        ]
    }, 
    "free": true,
    "id": "jetload",
    "name": "Jetload",
    "settings": [],
    "version": 7
}