{
    "active": true, 
    "adult": false, 
    "categories": [
        "movie"
    ], 
    "changes": [
        {
            "date": "21/03/2019",
            "description": "Cambios en la web"
        },
        {
            "date": "26/02/2019",
            "description": "Cambios en la web"
        },
        {
            "date": "28/01/2019",
            "description": "Reparar enlaces"
        },
        {
            "date": "08/12/2018", 
            "description": "Añadida búsqueda por generos"
        }, 
        {
            "date": "26/08/2018", 
            "description": "Reparar enlaces"
        }, 
        {
            "date": "10/03/2018", 
            "description": "Reparar enlaces"
        }, 
        {
            "date": "31/01/2018", 
            "description": "Reparar regex"
        }, 
        {
            "date": "31/08/2017", 
            "description": "Primera versión"
        }
    ], 
    "id": "cinecalidad", 
    "min_version": {
        "main": "1.0.4.201812220000", 
        "python": null
    }, 
    "name": "CineCalidad", 
    "newest": {
        "movie": {
            "action": "movies", 
            "content_type": "movies", 
            "url": "http://www.cinecalidad.to/espana/"
        }
    }, 
    "search": {
        "movie": {
            "action": "search", 
            "content_type": "movies"
        }, 
        "movie_gender": {
            "action_gender": "movies", 
            "url": {
                "action": "https://www.cinecalidad.to/espana/genero-peliculas/accion/", 
                "adventure": "https://www.cinecalidad.to/espana/genero-peliculas/aventura/", 
                "animation": "https://www.cinecalidad.to/espana/genero-peliculas/animacion/", 
                "children": "https://www.cinecalidad.to/espana/genero-peliculas/infantil/", 
                "comedy": "https://www.cinecalidad.to/espana/genero-peliculas/comedia/", 
                "drama": "https://www.cinecalidad.to/espana/genero-peliculas/drama/", 
                "fantasia": "https://www.cinecalidad.to/espana/genero-peliculas/fantasia/", 
                "intrigue": "https://www.cinecalidad.to/espana/genero-peliculas/suspenso/", 
                "romantic": "https://www.cinecalidad.to/espana/genero-peliculas/romance/", 
                "science-fiction": "https://www.cinecalidad.to/espana/genero-peliculas/ciencia-ficcion/", 
                "terror": "https://www.cinecalidad.to/espana/genero-peliculas/terror/"
            }
        }
    }, 
    "settings": [], 
    "version": 8
}