{
  "id": "mailru",
  "name": "Mailru",

  "active": true,

  "find_videos": {
    "ignore_urls": [],
    "patterns": [
      {
        "pattern": "(?:videoapi|api.video).my.mail.ru/(?:videos|video)/embed/(mail|inbox)/([^/]+)/.*?/(\\d+).html",
        "url": "http://videoapi.my.mail.ru/videos/embed/\\1/\\2/_myvideo/\\3.html"
      },
      {
        "pattern": "my.mail.ru/(?:videos|video)/embed/(?!mail|inbox)([A-z0-9\\-]+)",
        "url": "https://my.mail.ru/video/embed/\\1"
      }
    ]
  }

}