{
  "id": "repelishd",
  "name": "RePelisHd",
  "thumbnail": "repelishd.png",

  "active": true,

  "searchable": true,
  "search_types": ["all", "movie", "tvshow"],

  "categories": ["movie", "tvshow"],
  "language": ["cast", "lat", "vose"],

  "clusters": ["languages", "rankings", "years", "producers", "kids", "docs", "vos"],

  "notes": "Peliculas y Series en Español, Latino, Subtitulado, por géneros y años. Puede requerir el uso de proxies en función del país/operadora desde el que se accede."

}
