<?xml version="1.0" encoding="UTF-8"?>
<addon id="skin.estuary.uModCarol2" version="4.1.9" name="Estuary uMod Carol2" provider-name="darkozma, devalls, phil65, Ichabod Fletchman">
	<requires>
		<import addon="xbmc.gui" version="5.14.0"/>
		<import addon="resource.images.skinbackgrounds.clearMod" version="1.1.5"/>    
		<import addon="resource.images.weatherfanart.faded" optional="true"/>
		<import addon="resource.images.moviegenrefanart.wall-grey" optional="true"/>
		<import addon="script.extendedinfo" optional="true"/>
	</requires>
	<extension point="xbmc.gui.skin" debugging="false">
		<res width="1920" height="1440" aspect="4:3" default="false" folder="xml" />
		<res width="1920" height="1280" aspect="3:2" default="false" folder="xml" />
		<res width="1920" height="1200" aspect="16:10" default="false" folder="xml" />
		<res width="2040" height="1080" aspect="17:9" default="false" folder="xml" />
		<res width="1920" height="1080" aspect="16:9" default="true" folder="xml" />
		<res width="2560" height="1080" aspect="21:9" default="false" folder="xml" />
		<res width="2338" height="1080" aspect="19.5:9" default="false" folder="xml" />
		<res width="2160" height="1080" aspect="18:9" default="false" folder="xml" />
	</extension>
	<extension point="xbmc.addon.metadata">
		<summary lang="ca_ES">Aparença Estuary uMod Carol2 (només per Ubuntu i scripts) per darkozma, devalls, phil65 i Piers.</summary>
		<summary lang="en_GB">Estuary uMod Carol2 skin (only for Ubuntu and scripts) by darkozma, devalls, phil65 and Piers.</summary>
		<summary lang="es_ES">Skin Estuary uMod Carol2 (solo para Ubuntu y scripts), creado por darkozma, devalls, phil65 and Piers.</summary>
		<description lang="ca_ES">Estuary uMod Carol2 és una modificació de l'aparença predeterminada de Kodi 18.0 (només per Ubuntu mes scripts).</description>
		<description lang="en_GB">Estuary uMod Carol2 is a mod of the default skin for Kodi 18.0 (only for Ubuntu with scripts).</description>
		<description lang="es_ES">Estuary uMod Carol2 es un mod del skin por defecto para Kodi 18.0 (solo para Ubuntu mas scripts).</description>
		<disclaimer lang="ca_ES">[COLOR red]Estuary uMod Carol2 és una aparença modificada per a Kodi. Només funciona a Ubuntu i requereix scripts adicionals o podria provocar problemes.[/COLOR]</disclaimer>
		<disclaimer lang="en_GB">[COLOR red]Estuary uMod Carol2 is a mod skin for Kodi. Only work on Ubuntu and require addicional scripts or it may cause issues.[/COLOR]</disclaimer>
		<disclaimer lang="es_ES">[COLOR red]Estuary uMod Carol2 es una modificación del skin para Kodi. Solo funciona en Ubuntu y requiere scripts adicionales o podría causar problemas.[/COLOR]</disclaimer>
		<platform>linux</platform>
		<license>CC BY-SA 4.0, GNU GENERAL PUBLIC LICENSE Version 2.0</license>
		<forum>https://github.com/devalls/skin-mod/issues/new</forum>
		<source>https://github.com/devalls/skin-mod</source>
		<assets>
			<icon>resources/icon.png</icon>
			<fanart>resources/fanart.jpg</fanart>
			<screenshot>resources/screenshot-01.png</screenshot>
			<screenshot>resources/screenshot-02.png</screenshot>
			<screenshot>resources/screenshot-03.png</screenshot>
			<screenshot>resources/screenshot-04.png</screenshot>
			<screenshot>resources/screenshot-05.png</screenshot>
			<screenshot>resources/screenshot-06.png</screenshot>		
			<screenshot>resources/screenshot-07.png</screenshot>
			<screenshot>resources/screenshot-08.png</screenshot>
			<screenshot>resources/screenshot-09.png</screenshot>
		</assets>
		<news>[COLOR blue][B]Skin Estuary uMod Carol2[/B][/COLOR]
[COLOR green][B]•4.1.9[/B] New system.[/COLOR]
[COLOR yellow][B]•3.1.7[/B] Old system.[/COLOR]
		</news>
	</extension>
</addon>
