{
    "active": true,
    "adult": false,
    "categories": [
        "tvshow",
        "movie"
    ],
    "changes": [
        {
            "date": "28/08/2020",
            "description": "Cambios en la web"
        },
      {
            "date": "14/07/2020",
            "description": "Cambio de dominio y rescritura del canal"
        },
        {
            "date": "18/11/2019",
            "description": "Cambio de dominio en la seccion peliculas"
        },
        {
            "date": "26/06/2019",
            "description": "Fijar calidades e idiomas"
        },
        {
            "date": "28/03/2019",
            "description": "Cambios en la web"
        },
        {
            "date": "15/01/2019",
            "description": "Cambios en la web"
        },
        {
            "date": "02/01/2019",
            "description": "Añadida sección Películas de Inkapelis"
        },
        {
            "date": "18/04/2018",
            "description": "Primera versión"
        }
    ],
    "id": "inkaseries",
    "min_version": {
        "main": "1.0.4.201812220000",
        "python": "2.7.9"
    },
    "name": "Inkaseries",
    "search": {
        "tvshow": {
          "action": "search",
          "content_type": "tvshows"
        },
        "movie": {
          "action": "search",
          "content_type": "movies"
        },
        "movie_gender": {
          "action_gender": "movies",
          "url": {
            "action": "https://inkapelis.me/genero/accion/",
            "adventure": "https://inkapelis.me/genero/aventura/",
            "animation": "https://inkapelis.me/genero/animacion/",
            "children": "https://inkapelis.me/genero/infantil/",
            "comedy": "https://inkapelis.me/genero/comedia/",
            "drama": "https://inkapelis.me/genero/drama/",
            "fantasia": "https://inkapelis.me/genero/fantasia/",
            "intrigue": "https://inkapelis.me/genero/suspense/",
            "musical": "https://inkapelis.me/genero/musica/",
            "romantic": "https://inkapelis.me/genero/romance/",
            "science-fiction": "https://inkapelis.me/genero/ciencia-ficcion/",
            "terror": "https://inkapelis.me/genero/terror/",
            "war": "https://inkapelis.me/genero/belica/",
            "western": "https://inkapelis.me/genero/western/"
          }
        }
    },
    "newest": {
        "tvshow": {
          "action": "tvshows",
          "url": "https://inkapelis.me/serie/",
          "content_type": "tvshows"
        },
        "episode":{
          "action": "list_episodes",
          "url": "https://inkapelis.me/episodio/",
          "content_type": "episodes"
        },
        "movie": {
          "action": "movies",
          "url": "https://inkapelis.me/calidad/hd/",
          "content_type": "movies"
        }
    },
    "settings": [],
    "version": 9
}