﻿<?xml version="1.0" encoding="UTF-8" standalone="yes"?>
<addon id="plugin.video.mediaexplorer"
       name="MediaExplorer"
       version="1.1.2.201904112022"
       provider-name="MediaExplorer">
    <requires>
        <import addon="xbmc.python" version="2.24.0"/>
    </requires>
    <extension point="xbmc.python.pluginsource" library="default.py">
        <provides>video</provides>
    </extension>
    <extension point="xbmc.addon.metadata">
        <summary lang="es">Explorar webs con enlaces de películas y series.</summary>
        <description lang="es">Disfrute de sus películas y series favoritas navegando de manera fácil, sencilla y segura desde su mediacenter.</description>
        <disclaimer lang="es">
            1.- El material disponible a través de MediaExplorer, ha sido recolectado de sitios webs que son públicos (hdfull.tv, plusdede.com, seriesblanco.com, etc...), organizados como canales. Por lo que este material es considerado de libre distribución y su uso indebido no será nunca responsabilidad de los creadores o colaboradores de MediaExplorer.
            2.- Todos los vídeos que figuran en este addon son solo enlaces que han sido obtenidos de páginas como powvideo.net, openload.co, youtube.com, netu.tv, etc. Por lo tanto MediaExplorer solo se limita a facilitar la visibilidad de los vídeos a través de los enlaces de estos y otros servidores.
            3.- MediaExplorer, no aloja vídeos ni distribuye ningún tipo de archivo para streaming o descarga. El único material que proporciona son enlaces de webs de libre distribución. Por consiguiente solo los canales y servidores son plenamente responsables de los contenidos que publiquen.
            4.- Los canales y servidores podrían, en algún caso, publicar vídeos con contenido no apto. MediaExplorer cuenta con un apartado exclusivo para adultos (por defecto deshabilitado), pero no puede garantizar que todo el material de este tipo se filtre correctamente. Usted es responsable de proteger a los menores de esta exposición.
            5.- Si este tipo de contenido esta prohibido en su país, solamente usted es responsable del uso de MediaExplorer.
        </disclaimer>
        <summary lang="en">Explore websites with links to movies and series.</summary>
        <description lang="en">Enjoy your favorite movies and series by browsing easily and securely from your mediacenter.</description>
        <disclaimer lang="en">
            1.- The material available through MediaExplorer, has been collected from websites that are public (hdfull.tv, plusdede.com, seriesblanco.com, etc ...), organized as channels. So this material is considered free distribution and its misuse will never be the responsibility of the creators or collaborators of MediaExplorer.
            2.- All the videos that appear in this addon are only links that have been obtained from pages like powvideo.net, openload.co, youtube.com, netu.tv, etc. Therefore MediaExplorer is limited to facilitating the visibility of videos through the links of these and other servers.
            3.- MediaExplorer, does not host videos or distribute any type of file for streaming or downloading. The only material that it provides are free web links. Therefore only channels and servers are fully responsible for the content they publish.
            4.- The channels and servers could, in some cases, publish videos with unsuitable content. MediaExplorer has an exclusive section for adults (by default disabled), but can not guarantee that all material of this type is filtered correctly. You are responsible for protecting minors from this exposure.
            5.- If this type of content is prohibited in your country, only you are responsible for the use of MediaExplorer.
        </disclaimer>
        <platform>all</platform>
        <license>GNU GPL v3</license>
        <website>http://www.mediaexplorer.tk</website>
        <source>...</source>
    </extension>
    <extension point="xbmc.service" library="services.py" start="login|startup"/>
</addon>

