{
  "active": true,
  "changes": [
    {
      "date": "15/12/2020",
      "description": "No pedir recaptcha si la cookie esta generada"
    },
    {
      "date": "13/12/2020",
      "description": "Cambios internos"
    },
    {
      "date": "18/11/2020",
      "description": "Modificado el patron"
    },
    {
      "date": "13/07/2020",
      "description": "Modificado el patron"
    },
    {
      "date": "04/05/2020",
      "description": "Modificado el patron"
    },
    {
      "date": "01/05/2020",
      "description": "Reparado por cambios internos"
    },
    {
      "date": "03/04/2020",
      "description": "Reparado por cambios internos"
    },
    {
      "date": "29/03/2020",
      "description": "Reparado por cambios internos"
    },
    {
      "date": "02/01/2020",
      "description": "Reparado por cambios internos"
    },
    {
      "date": "30/12/2019",
      "description": "Soporte Python 3"
    },
    {
      "date": "09/08/2019",
      "description": "Reparado por cambios internos"
    },
    {
      "date": "27/06/2019",
      "description": "Reparado fallo"
    },
    {
      "date": "07/06/2019",
      "description": "Reparado por cambios internos"
    },
    {
      "date": "17/04/2019",
      "description": "Reparado por cambios internos"
    },
    {
      "date": "07/04/2019",
      "description": "Desactivado por cambios internos"
    },
    {
      "date": "04/03/2019",
      "description": "Reparado por cambios internos"
    },
    {
      "date": "07/01/2019",
      "description": "Reparado por cambios internos"
    },
    {
      "date": "09/11/2018",
      "description": "Desactivado por cambios internos"
    },
    {
      "date": "07/06/2018",
      "description": "Cambios internos"
    },
    {
      "date": "23/08/2017",
      "description": "Primera version"
    }
  ],
  "find_videos": {
    "ignore_urls": [],
    "patterns": [
      {
        "pattern": "(?:hqq|waaw|netu|megaplay).(?:tv|watch|cc|to).*?(?:v=|vid=|hash=|f/|e/|embed/)([A-z0-9]+)",
        "url": "https://www.antentri.top/e/\\1"
      }
    ]
  },
  "min_version": {
    "main": "2.2",
    "python": null
  },
  "free": true,
  "id": "netutv",
  "ids": [
    "netu",
    "waaw",
    "hqq"
  ],
  "name": "Netu.tv",
  "settings": [],
  "version": 20
}