{
  "active": true,
  "changes": [
    {
      "date": "11/12/2020",
      "description": "Modificar el patrón"
    },
    {
      "date": "07/03/2020",
      "description": "Primera version"
    }
  ],
  "find_videos": {
    "ignore_urls": [],
    "patterns": [
      {
        "pattern": "uqload.com/(?:embed-|)([0-9a-z]+).html",
        "url": "https://uqload.com/embed-\\1.html"
      }
    ]
  },
  "free": true,
  "id": "uqload",
  "name": "Uqload",
  "settings": [],
  "version": 2
}