{
  "active": true,
  "changes": [
    {
      "date": "03/03/2020",
      "description": "Cambios internos"
    },
    {
      "date": "02/01/2020",
      "description": "Primera version"
    }
  ],
  "find_videos": {
    "ignore_urls": [],
    "patterns": [
      {
        "pattern": "upstream.to/(?:embed-|)([0-9a-z]+)",
        "url": "https://upstream.to/\\1"
      }
    ]
  },
  "free": true,
  "id": "upstream",
  "name": "UpStream",
  "settings": [],
  "version": 2
}
