{
    "active": false,
    "changes": [
        {
            "date": "05/07/2019",
            "description": "Cambios internos"
        },
        {
            "date": "06/06/2019",
            "description": "Corrección del patrón"
        },
        {
            "date": "26/05/2019",
            "description": "Añadido metodo alternativo para algunos videos"
        },
        {
            "date": "22/05/2019",
            "description": "Primera version"
        }
    ], 
    "find_videos": {
        "ignore_urls": [], 
        "patterns": [
            {
                "pattern": "jetload.net/(?:e|p|#!/v|#!/d)/([a-zA-Z0-9]+)",
                "url": "https://jetload.net/e/\\1"
            }
        ]
    }, 
    "free": true,
    "id": "jetload",
    "name": "Jetload",
    "settings": [],
    "version": 4
}