{
  "active": true,
  "changes": [
    {
      "date": "20/08/2020",
      "description": "Cambios web"
    },
    {
      "date": "30/12/2019",
      "description": "Primera version"
    }
  ],
  "find_videos": {
    "ignore_urls": [],
    "patterns": [
      {
        "pattern": "https://cloudvideo.tv/([0-9a-z]+)",
        "url": "https://cloudvideo.tv/embed-\\1.html"
      }
    ]
  },
  "free": true,
  "id": "cloudvideo",
  "name": "Cloudvideo",
  "settings": [],
  "version": 2
}