{
    "active": true,
    "adult": false,
    "categories": [
        "movie"
    ],
    "changes": [
        {
            "date": "27/08/2020",
            "description": "Cambios en la web"
        },
        {
            "date": "01/05/2020",
            "description": "Cambio dominio"
        },
        {
            "date": "12/03/2020",
            "description": "Canal reactivado"
        },
        {
            "date": "22/05/2018",
            "description": "Canal desactivado"
        },
        {
            "date": "08/12/2018",
            "description": "Añadida búsqueda por generos"
        },
        {
            "date": "12/09/2018",
            "description": "Nuevas calidades."
        },
        {
            "date": "18/08/2018",
            "description": "Mejorado filtrado por idiomas."
        },
        {
            "date": "17/08/2018",
            "description": "Añadido contenido"
        },
        {
            "date": "15/08/2018",
            "description": "Primera versión"
        }
    ],
    "id": "repelis",
    "min_version": {
        "main": null,
        "python": null
    },
    "name": "Repelis",
    "newest": {
        "movie": {
            "action": "movies",
            "content_type": "movies",
            "url": "https://repelisgt.com/explorar"
        }
    },
    "search": {
        "movie": {
            "action": "search",
            "content_type": "movies"
        },
        "movie_gender": {
            "action_gender": "movies",
            "url": {
                "action": "https://repelisgt.com/genero/accion-dq0SV",
                "adventure": "https://repelisgt.com/genero/aventura-WjZSp",
                "animation": "https://repelisgt.com/genero/animacion-WYXS9",
                "children": "https://repelisgt.com/genero/familiares-JgvSB",
                "comedy": "https://repelisgt.com/genero/comedia-J9GSV",
                "drama": "https://repelisgt.com/genero/drama-JvvSB",
                "fantasia": "https://repelisgt.com/genero/fantasia-JkXSw",
                "intrigue": "https://repelisgt.com/genero/suspenso-NZ7So",
                "musical": "https://repelisgt.com/genero/musical-NmKSB",
                "romantic": "https://repelisgt.com/genero/romance-JP7SK",
                "science-fiction": "https://repelisgt.com/genero/ciencia-ficcion-JrrSO",
                "terror": "https://repelisgt.com/genero/terror-dVbSb",
                "war": "https://repelisgt.com/genero/guerra-dM7SG"
            }
        }
    },
    "settings": [],
    "version": 9
}