{
    "active": true,
    "adult": false,
    "categories": [
        "movie",
        "tvshow"
    ],
    "changes": [
        {
          "date": "06/08/2021",
          "description": "Cambio de dominio"
      },
      {
          "date": "28/12/2020",
          "description": "Cambio de dominio"
      },
      {
          "date": "31/08/2020",
          "description": "Reparado cambios en la web"
      },
      {
          "date": "06/04/2020",
          "description": "Reparado fallo en enlaces oficiales"
      },
      {
          "date": "04/04/2020",
          "description": "Reparado movidy"
      },
      {
          "date": "03/01/2020",
          "description": "Primera versión"
      }
    ],
    "id": "movidy",
    "min_version": {
        "main": null,
        "python": null
    },
    "name": "Movidy",
    "search": {
        "movie": {
          "action": "search",
          "content_type": "movies"
        },
        "movie_gender": {
            "action_gender": "content",
            "url": {
                "action": "peliculas/?genero[]=Acción&estreno[]=",
                "animation": "peliculas/?genero[]=Animación&estreno[]=",
                "comedy": "peliculas/?genero[]=Comedia&estreno[]=",
                "drama": "peliculas/?genero[]=Drama&estreno[]=",
                "intrigue": "peliculas/?genero[]=Suspense&estreno[]=",
                "musical": "peliculas/?genero[]=Música&estreno[]=",
                "romantic": "peliculas/?genero[]=Romance&estreno[]=",
                "science-fiction": "peliculas/?genero[]=Ciencia%20ficción&estreno[]=",
                "terror": "peliculas/?genero[]=Terror&estreno[]=",
                "war": "peliculas/?genero[]=Bélica&estreno[]=",
                "western": "peliculas/?genero[]=Wester&estreno[]="
            }
        },
        "tvshow": {
          "action": "search",
          "content_type": "tvshows"
        }
    },
    "newest": {
        "movie": {
          "action": "content",
          "url": "peliculas",
          "content_type": "movies"
        },
        "tvshow": {
          "action": "content",
          "url": "series/?actualizadas",
          "content_type": "tvshows"
        },
        "episode":{
          "action": "content",
          "url": "series/?novedades",
          "content_type": "episodes"
        }
    },
    "settings": [],
    "version": 8
}