{
    "active": true, 
    "adult": false, 
    "categories": [
        "movie"
    ], 
    "changes": [
        {
            "date": "25/05/2021",
            "description": "Cambio de dominio"
        },
        {
            "date": "12/12/2020",
            "description": "Primera versión"
        }
    ], 
    "id": "pelis24",
    "min_version": {
        "main": "2.3.202012051841",
        "python": "2.7.9"
    }, 
    "name": "Pelis24",
    "newest": {
        "movie": {
            "action": "movies",
            "content_type": "movies",
            "url": "https://repelis24.co/pelicula/"
        }
    }, 
    "search": {
        "movie": {
            "action": "search",
            "content_type": "movies"
        }, 
        "movie_gender": {
            "action_gender": "movies",
            "content_type": "movies",
            "url": {
                "action": "https://repelis24.co/genero/accion/",
                "adventure": "https://repelis24.co/genero/aventura/",
                "animation": "https://repelis24.co/genero/animacion/",
                "comedy": "https://repelis24.co/genero/comedia/",
                "drama": "https://repelis24.co/genero/drama/",
                "fantasia": "https://repelis24.co/genero/fantasia/",
                "children": "https://repelis24.co/genero/infantil/",
                "intrigue": "https://repelis24.co/genero/misterio/",
                "musical": "https://repelis24.co/genero/musica/",
                "romantic": "https://repelis24.co/genero/romance/",
                "science-fiction": "https://repelis24.co/genero/ciencia-ficcion/",
                "terror": "https://repelis24.co/genero/terror/",
                "war": "https://repelis24.co/genero/belica/",
                "western": "https://repelis24.co/genero/western/"
            }
        }
    }, 
    "settings": [],
    "version": 2
}