{
    "active": true,
    "adult": false,
    "categories": [
        "tvshow"
    ],
    "changes": [
        {
            "date": "03/03/2020",
            "description": "Cambio de dominio"
        },
        {
            "date": "29/12/2020",
            "description": "Cambio de dominio"
        },
        {
            "date": "24/11/2020",
            "description": "Reparada seccion play"
        },
        {
            "date": "30/03/2020",
            "description": "Cambio de dominio"
        },
        {
            "date": "05/07/2019",
            "description": "Eliminado dominio alternativo"
        },
        {
            "date": "10/06/2019",
            "description": "Fix en busquedas y novedades"
        },
        {
            "date": "25/05/2019",
            "description": "Fix en Episodios de estreno..."
        },
        {
            "date": "21/05/2019",
            "description": "Añadida opcion proxy"
        },
        {
            "date": "14/05/2018",
            "description": "Añadida sección Nuevas Series"
        },
        {
            "date": "07/05/2018",
            "description": "Corregir títulos en Episodios de estreno..."
        },
        {
            "date": "26/04/2018",
            "description": "Primera versión"
        }
    ],
    "id": "seriespapaya",
    "min_version": {
        "main": "2.4.3",
        "python": "2.7.9"
    },
    "name": "SeriesPapaya",
    "search": {
        "tvshow": {
            "action": "search",
            "content_type": "tvshows"
        }
    },
    "newest": {
        "tvshow": {
            "action": "newest_tvshows",
            "content_type": "tvshows"
        }
    },
    "settings": [],
    "version": 13
}