<?xml version="1.0" encoding="UTF-8"?>
<addon id="skin.estuary.uMod" version="2.3.2" name="Estuary uMod" provider-name="darkozma, devalls, phil65, Ichabod Fletchman">
	<requires>
		<import addon="xbmc.gui" version="5.12.0"/>
	</requires>
	<extension point="xbmc.gui.skin" debugging="false">
		<res width="1920" height="1440" aspect="4:3" default="false" folder="xml" />
		<res width="1920" height="1280" aspect="3:2" default="false" folder="xml" />
		<res width="1920" height="1200" aspect="16:10" default="false" folder="xml" />
		<res width="1920" height="1080" aspect="16:9" default="true" folder="xml" />
		<res width="2560" height="1080" aspect="21:9" default="false" folder="xml" />
	</extension>
	<extension point="xbmc.addon.metadata">
		<summary lang="ca_ES">Aparença Estuary uMod (només per Ubuntu i scripts) per darkozma, devalls, phil65 i Piers.</summary>
		<summary lang="en_GB">Estuary uMod skin (only for Ubuntu and scripts) by darkozma, devalls, phil65 and Piers.</summary>
		<summary lang="es_ES">Skin Estuary uMod (solo para Ubuntu y scripts), creado por darkozma, devalls, phil65 and Piers.</summary>
		<description lang="ca_ES">Estuary uMod és una modificació de l'aparença predeterminada de Kodi 17.0 i posteriors (només per Ubuntu mes scripts).</description>
		<description lang="en_GB">Estuary uMod is a mod of the default skin for Kodi 17.0 and above (only for Ubuntu with scripts).</description>
		<description lang="es_ES">Estuary uMod es un mod del skin por defecto para Kodi 17.0 o superior (solo para Ubuntu mas scripts).</description>
		<disclaimer lang="ca_ES">Estuary uMod és una aparença modificada per a Kodi (només per Ubuntu mes scripts), i pot causar problemes.</disclaimer>
		<disclaimer lang="en_GB">Estuary uMod is a mod skin for Kodi (only for Ubuntu with scripts), and it may cause issues</disclaimer>
		<disclaimer lang="es_ES">Estuary uMod es un mod del skin para Kodi (solo para Ubuntu mas scripts), y puede causar problemas.</disclaimer>
		<license>CC BY-SA 4.0, GNU GENERAL PUBLIC LICENSE Version 2.0</license>
		<forum>https://github.com/devalls/addons-mod/issues/new</forum>
		<source>not yet available</source>
		<assets>
			<icon>resources/icon.png</icon>
			<fanart>resources/fanart.jpg</fanart>
			<screenshot>resources/screenshot-01.png</screenshot>
			<screenshot>resources/screenshot-02.png</screenshot>
			<screenshot>resources/screenshot-03.png</screenshot>
			<screenshot>resources/screenshot-04.png</screenshot>
			<screenshot>resources/screenshot-05.png</screenshot>
			<screenshot>resources/screenshot-06.png</screenshot>		
			<screenshot>resources/screenshot-07.png</screenshot>
			<screenshot>resources/screenshot-08.png</screenshot>
			<screenshot>resources/screenshot-09.png</screenshot>
		</assets>
	</extension>
</addon>
