{
    "active": true, 
    "changes": [
        {
            "date": "12/03/2020",
            "description": "Redirigido a vev.io"
        },
        {
            "date": "19/02/2019",
            "description": "Cambios en el servidor"
        },
        {
            "date": "30/03/2018",
            "description": "Corregir fallo en patron"
        },
        {
            "date": "22/08/2017", 
            "description": "Primera version"
        }
    ], 
    "find_videos": {
        "ignore_urls": [], 
        "patterns": [
            {
                "pattern": "(?:thevideo.me|tvad.me|thevid.net|thevideo.ch|thevideo.us)/(?:embed-|)([A-z0-9]+)",
                "url": "https://thevideo.me/embed-\\1.html"
            }
        ]
    }, 
    "free": true, 
    "id": "thevideome",
    "ids": [
        "thevideo"
    ],
    "name": "Thevideo.me",
    "settings": [],
    "version": 5
}