<?xml version="1.0" encoding="UTF-8"?>
<addon id="skin.estuary.uModv3" version="4.0.4" name="Estuary uMod v3" provider-name="phil65, Ichabod Fletchman, darkozma">
	<requires>
		<import addon="xbmc.gui" version="5.16.0"/>
                <import addon="resource.images.skinbackgrounds.clearMod" version="1.0.8"/>    
                <import addon="resource.images.weatherfanart.faded" optional="true"/>
                <import addon="resource.images.moviegenrefanart.wall-grey" optional="true"/>
                <import addon="script.extendedinfo" optional="true"/>
	</requires>
	<extension point="xbmc.gui.skin" debugging="false">
		<res width="1920" height="1440" aspect="4:3" default="false" folder="xml" />
		<res width="1920" height="1280" aspect="3:2" default="false" folder="xml" />
		<res width="1920" height="1200" aspect="16:10" default="false" folder="xml" />
		<res width="2040" height="1080" aspect="17:9" default="false" folder="xml" />
		<res width="1920" height="1080" aspect="16:9" default="true" folder="xml" />
		<res width="2560" height="1080" aspect="21:9" default="false" folder="xml" />
		<res width="2338" height="1080" aspect="19.5:9" default="false" folder="xml" />
		<res width="2160" height="1080" aspect="18:9" default="false" folder="xml" />
	</extension>
	<extension point="xbmc.addon.metadata">
		<platform>linux</platform>
		<license>CC BY-SA 4.0, GNU GENERAL PUBLIC LICENSE Version 2.0</license>
		<forum>https://github.com/devalls/skin-mod/issues/new</forum>
		<source>https://github.com/devalls/skin-mod</source>
		<assets>
			<icon>resources/icon.png</icon>
			<fanart>resources/fanart.jpg</fanart>
			<screenshot>resources/screenshot-01.png</screenshot>
			<screenshot>resources/screenshot-02.png</screenshot>
			<screenshot>resources/screenshot-03.png</screenshot>
			<screenshot>resources/screenshot-04.png</screenshot>
			<screenshot>resources/screenshot-05.png</screenshot>
			<screenshot>resources/screenshot-06.png</screenshot>
			<screenshot>resources/screenshot-07.png</screenshot>
			<screenshot>resources/screenshot-08.png</screenshot>
			<screenshot>resources/screenshot-09.png</screenshot>
		</assets>
		<summary lang="ca_ES">Aparença Estuary uMod v3 (només per Ubuntu i scripts) per phil65, Ichabod Fletchman, darkozma.</summary>
		<summary lang="en_GB">Estuary uMod v3 skin (only for Ubuntu and scripts) by phil65, Ichabod Fletchman, darkozma.</summary>
		<summary lang="es_ES">Skin Estuary uMod v3 (solo para Ubuntu y scripts), creado por phil65, Ichabod Fletchman, darkozma.</summary>
		<description lang="ca_ES">Estuary uMod v3 és una modificació de l'aparença predeterminada de Kodi 20.0 (només per Ubuntu mes scripts).</description>
		<description lang="en_GB">Estuary uMod v3 is a mod of the default skin for Kodi 20.0 (only for Ubuntu with scripts).</description>
		<description lang="es_ES">Estuary uMod v3 es un mod del skin por defecto para Kodi 20.0 (solo para Ubuntu mas scripts).</description>
		<disclaimer lang="ca_ES">[COLOR red]Estuary uMod v3 és una aparença modificada per a Kodi. Només funciona a Ubuntu i requereix scripts adicionals o podria provocar problemes.[/COLOR]</disclaimer>
		<disclaimer lang="en_GB">[COLOR red]Estuary uMod v3 is a mod skin for Kodi. Only work on Ubuntu and require addicional scripts or it may cause issues.[/COLOR]</disclaimer>
		<disclaimer lang="es_ES">[COLOR red]Estuary uMod v3 es una modificación del skin para Kodi. Solo funciona en Ubuntu y requiere scripts adicionales o podría causar problemas.[/COLOR]</disclaimer>
		<news>[COLOR blue][B]Skin Estuary uMod v3[/B][/COLOR]
[COLOR green][B]•4.0.4[/B] Menu change.[/COLOR]
[COLOR yellow][B]•4.0.3[/B] Minor change.[/COLOR]
[COLOR yellow][B]•4.0.2[/B] K20 comp.[/COLOR]
[COLOR yellow][B]•3.1.6[/B] Widget Anime Removed.[/COLOR]
[COLOR yellow][B]•3.1.4[/B] Minor Change.[/COLOR]
[COLOR yellow][B]•3.1.3[/B] Add MC icon.[/COLOR]
[COLOR yellow][B]•3.1.2[/B] Minor bug fix.[/COLOR]
[COLOR yellow][B]•3.1.1[/B] Add more Halloween and Xmas logos.[/COLOR]
[COLOR yellow][B]•3.1.0[/B] Add support Halloween and Xmas logos.[/COLOR]
[COLOR yellow][B]•3.0.7[/B] Add requires.[/COLOR]
[COLOR yellow][B]•3.0.6[/B] Minor bug fix.[/COLOR]
[COLOR yellow][B]•3.0.0[/B] Skin uMod adapted to Kodi 18.[/COLOR]
[COLOR yellow][B]•2.9.9[/B] Add icon in sidemenu.[/COLOR]
[COLOR yellow][B]•2.9.8[/B] Change categories GT/NF.[/COLOR]
[COLOR yellow][B]•2.9.0[/B] Change categories PM and update Screenshot.[/COLOR]
[COLOR yellow][B]•2.8.9[/B] Update languages.[/COLOR]
[COLOR yellow][B]•2.8.8[/B] Change homescreen links.[/COLOR]
[COLOR yellow][B]•2.8.6[/B] Minor bug fix.[/COLOR]
[COLOR yellow][B]•2.8.5[/B] Variables modded.[/COLOR]
[COLOR yellow][B]•2.8.2[/B] Add new code and icon FibracatTV.[/COLOR]
[COLOR yellow][B]•2.8.0[/B] Update code.[/COLOR]
[COLOR yellow][B]•2.7.9[/B] Cleaning code.[/COLOR]
[COLOR yellow][B]•2.7.8[/B] Update resources.[/COLOR]
[COLOR yellow][B]•2.7.6[/B] Minor bug fix.[/COLOR]
[COLOR yellow][B]•2.7.5[/B] Home fix.[/COLOR]
[COLOR yellow][B]•2.7.0[/B] Platform fix.[/COLOR]
[COLOR yellow][B]•2.5.0[/B] Bug fix.[/COLOR]
[COLOR yellow][B]•2.3.3[/B] Minor fix.[/COLOR]
[COLOR yellow][B]•2.2.8[/B] Initial beta test.[/COLOR]
[COLOR yellow][B]•2.2.5[/B] Initial beta.[/COLOR]
[COLOR yellow][B]•2.0.2[/B] Home modded.[/COLOR]
[COLOR yellow][B]•1.4.2[/B] DialogButtonMenu modded.[/COLOR]
[COLOR yellow][B]•0.2.1[/B] Initial alpha.[/COLOR]
[COLOR yellow][B]•0.0.1[/B] Mod Estuary (0.8.5) for Ubuntu + Scripts.[/COLOR]</news>
	</extension>
</addon>
