{
  "id": "animeflv_ru",
  "name": "AnimeFLV.RU",
  "active": true,
  "adult": false,
  "language": ["cast", "lat"],
  "thumbnail": "http://i.imgur.com/5nRR9qq.png",
  "banner": "animeflv_ru.png",
  "version": 1,
  "compatible": {
    "python": "2.7.9"
  },
  "changes": {
    "change": [
      {
        "date": "06/04/2017",
        "description": "fix"
      },
      {
        "date": "01/03/2017",
        "description": "fix nueva web"
      }
    ]
  },
  "categories": [
    "anime"
  ],
  "settings": [
    {
      "id": "include_in_global_search",
      "type": "bool",
      "label": "Incluir en busqueda global",
      "default": false,
      "enabled": true,
      "visible": true
    },
    {
      "id": "include_in_newest_anime",
      "type": "bool",
      "label": "Incluir en Novedades - Episodios de anime",
      "default": true,
      "enabled": true,
      "visible": true
    }
  ]
}