{
  "id": "canalpelis",
  "name": "CanalPelis",
  "active": true,
  "adult": false,
  "language": ["cast", "lat"],
  "fanart": "https://raw.githubusercontent.com/Inter95/tvguia/master/thumbnails/canalpelisbg.jpg",
  "thumbnail": "http://www.canalpelis.com/wp-content/uploads/2016/11/logo_web.gif",
  "banner": "",
  "version": 1,
  "changes": [
    {
      "date": "15/08/17",
      "description": "Nuevo Canal"
    }
  ],
  "categories": [
    "movie",
    "tvshow",
    "vos"
  ],
  "settings": [
    {
      "id": "modo_grafico",
      "type": "bool",
      "label": "Buscar información extra",
      "default": true,
      "enabled": true,
      "visible": true
    },
    {
      "id": "perfil",
      "type": "list",
      "label": "Perfil de color",
      "default": 3,
      "enabled": true,
      "visible": true,
      "lvalues": [
        "Sin color",
        "Perfil 5",
        "Perfil 4",
        "Perfil 3",
        "Perfil 2",
        "Perfil 1"
      ]
    },
    {
      "id": "orden_episodios",
      "type": "bool",
      "label": "Mostrar los episodios de las series en orden descendente",
      "default": false,
      "enabled": true,
      "visible": true
    }
  ]
}
