{
  "id": "miradetodo",
  "name": "MiraDeTodo",
  "active": true,
  "adult": false,
  "language": ["lat"],
  "thumbnail": "https://s17.postimg.org/e8kp12mcv/miradetodo.png",
  "banner": "https://s7.postimg.org/it21t0dej/miradetodo-banner.png",
  "version": 1,
  "changes": [
    {
      "date": "25/05/2017",
      "description": "cambios esteticos"
    },
    {
      "date": "05/05/2017",
      "description": "First release"
    }
  ],
  "categories": [
    "movie"
  ],
  "settings": [
    {
      "id": "include_in_global_search",
      "type": "bool",
      "label": "Incluir en busqueda global",
      "default": true,
      "enabled": true,
      "visible": true
    },
    {
      "id": "include_in_newest_peliculas",
      "type": "bool",
      "label": "Incluir en Novedades - Peliculas",
      "default": true,
      "enabled": true,
      "visible": true
    },
    {
      "id": "include_in_newest_infantiles",
      "type": "bool",
      "label": "Incluir en Novedades - Infantiles",
      "default": true,
      "enabled": true,
      "visible": true
    }
  ]
}