{
  "id": "pelisplanet",
  "name": "PelisPlanet",
  "active": true,
  "adult": false,
  "language": ["cast", "lat"],
  "fanart": "https://raw.githubusercontent.com/Inter95/tvguia/master/thumbnails/pelisplanetbg.png",
  "thumbnail": "https://raw.githubusercontent.com/Inter95/tvguia/master/thumbnails/pelisplanet.png",
  "banner": "https://raw.githubusercontent.com/Inter95/tvguia/master/thumbnails/pelisplanetbaner.png",
  "version": 1,
  "changes": [
    {
      "date": "07/06/17",
      "description": "Canal Nuevo"
    }
  ],
  "categories": [
    "movie",
    "tvshow",
    "direct",
    "vos"
  ],
  "settings": [
    {
      "id": "modo_grafico",
      "type": "bool",
      "label": "Buscar información extra",
      "default": true,
      "enabled": true,
      "visible": true
    },
    {
      "id": "perfil",
      "type": "list",
      "label": "Perfil de color",
      "default": 3,
      "enabled": true,
      "visible": true,
      "lvalues": [
        "Sin color",
        "Perfil 5",
        "Perfil 4",
        "Perfil 3",
        "Perfil 2",
        "Perfil 1"
      ]
    },
    {
      "id": "include_in_newest_peliculas",
      "type": "bool",
      "label": "Incluir en Novedades - Peliculas",
      "default": true,
      "enabled": true,
      "visible": true
    },
    {
      "id": "include_in_newest_infantiles",
      "type": "bool",
      "label": "Incluir en Novedades - Infantiles",
      "default": true,
      "enabled": true,
      "visible": true
    }
  ]
}
