{
  "id": "serieslatino",
  "name": "SeriesLatino",
  "active": true,
  "adult": false,
  "language": ["lat"],
  "thumbnail": "https://s17.postimg.org/rpmc90y9r/serieslatino.png",
  "banner": "https://s8.postimg.org/ka707waat/serieslatino_banner.png",
  "version": 1,
  "changes": [
    {
      "date": "24/06/2017",
      "description": "Cambios para autoplay"
    },
    {
      "date": "22/06/2017",
      "description": "ajustes para AutoPlay"
    },
    {
      "date": "25/05/2017",
      "description": "cambios esteticos"
    },
    {
      "date": "15/03/2017",
      "description": "limpieza código"
    },
    {
      "date": "04/01/2017",
      "description": "Release."
    }
  ],
  "categories": [
    "tvshow"
  ],
  "settings": [
    {
      "id": "include_in_global_search",
      "type": "bool",
      "label": "Incluir en busqueda global",
      "default": false,
      "enabled": false,
      "visible": false
    },
    {
      "id": "filter_languages",
      "type": "list",
      "label": "Mostrar enlaces en idioma...",
      "default": 0,
      "enabled": true,
      "visible": true,
      "lvalues": [
        "No filtrar",
        "Latino",
        "VOS"
      ]
    }
  ]
}