{
  "id": "verpeliculasnuevas",
  "name": "VerPeliculasNuevas",
  "active": true,
  "adult": false,
  "language": ["cast", "lat"],
  "banner": "https://s23.postimg.org/4uyyz6w4b/verpeliculasnuevas_banner.png",
  "thumbnail": "https://s27.postimg.org/atgs5erab/verpeliculasnuevas.png",
  "version": 1,
  "changes": [
    {
      "date": "23/06/2017",
      "description": "añadidos servidores favoritos en find_videos"
    },
    {
      "date": "06/06/2017",
      "description": "compatibilidad con AutoPlay"
    },
    {
      "date": "25/05/2017",
      "description": "cambios esteticos"
    },
    {
      "date": "15/03/2017",
      "description": "limpieza código"
    },
    {
      "date": "06/01/2017",
      "description": "Release."
    }
  ],
  "categories": [
    "movie"
  ],
  "settings": [
    {
      "id": "include_in_global_search",
      "type": "bool",
      "label": "Incluir en busqueda global",
      "default": false,
      "enabled": false,
      "visible": false
    },
    {
      "id": "filter_languages",
      "type": "list",
      "label": "Mostrar enlaces en idioma...",
      "default": 0,
      "enabled": true,
      "visible": true,
      "lvalues": [
        "No filtrar",
        "Latino",
        "Español",
        "VOS"
      ]
    },
    {
      "id": "include_in_newest_peliculas",
      "type": "bool",
      "label": "Incluir en Novedades - Peliculas",
      "default": true,
      "enabled": true,
      "visible": true
    },
    {
      "id": "include_in_newest_infantiles",
      "type": "bool",
      "label": "Incluir en Novedades - Infantiles",
      "default": true,
      "enabled": true,
      "visible": true
    }
  ]
}