{
  "id": "x18hentai",
  "name": "18HentaiOnline",
  "active": true,
  "adult": true,
  "language": ["*"],
  "banner": "https://s32.postimg.org/lafs9vgxh/18hentaionline_banner.png",
  "thumbnail": "https://s32.postimg.org/fui7jdg9x/18hentaionline.png",
  "version": 1,
  "categories": [
    "adult"
  ],
  "changes": [
    {
      "date": "15/03/2017",
      "description": "limpieza código"
    },
    {
      "date": "04/01/2017",
      "description": "Release."
    }
  ],
  "settings": [
    {
      "id": "include_in_global_search",
      "type": "bool",
      "label": "Incluir en busqueda global",
      "default": false,
      "enabled": false,
      "visible": false
    }
  ]
}