{
  "id": "zpeliculas",
  "name": "Zpeliculas",
  "active": true,
  "adult": false,
  "language": ["cast", "lat"],
  "banner": "zpeliculas.png",
  "thumbnail": "zpeliculas.png",
  "version": 1,
  "changes": [
    {
      "date": "15/03/2017",
      "description": "limpieza código"
    },
    {
      "date": "01/07/16",
      "description": "Eliminado código innecesario."
    },
    {
      "date": "29/04/16",
      "description": "Adaptar a Buscador global y Novedades Peliculas e Infantiles"
    }
  ],
  "categories": [
    "movie"
  ],
  "settings": [
    {
      "id": "include_in_global_search",
      "type": "bool",
      "label": "Incluir en busqueda global",
      "default": false,
      "enabled": true,
      "visible": true
    },
    {
      "id": "include_in_newest_peliculas",
      "type": "bool",
      "label": "Incluir en Novedades - Peliculas",
      "default": true,
      "enabled": true,
      "visible": true
    },
    {
      "id": "include_in_newest_infantiles",
      "type": "bool",
      "label": "Incluir en Novedades - Infantiles",
      "default": true,
      "enabled": true,
      "visible": true
    }
  ]
}