{
  "id": "descargasmix",
  "name": "DescargasMIX",
  "language": ["cast", "lat"],
  "active": true,
  "version": 1,
  "adult": false,
  "changes": [
    {
      "date": "06/05/17",
      "description": "Cambio de dominio"
    },
    {
      "date": "17/04/17",
      "description": "Mejorado en la deteccion del dominio para futuros cambios"
    },
    {
      "date": "09/04/17",
      "description": "Arreglado por cambios en la página"
    },
    {
      "date": "27/01/17",
      "description": "Sección online en películas modificada"
    },
    {
      "date": "08/07/16",
      "description": "Adaptado el canal a las nuevas funciones"
    }
  ],
  "thumbnail": "descargasmix.png",
  "banner": "descargasmix.png",
  "categories": [
    "movie",
    "vos",
    "torrent",
    "documentary",
    "anime",
    "tvshow"
  ],
  "settings": [
    {
      "id": "modo_grafico",
      "type": "bool",
      "label": "Buscar información extra",
      "default": true,
      "enabled": true,
      "visible": true
    },
    {
      "id": "perfil",
      "type": "list",
      "label": "Perfil de color",
      "default": 2,
      "enabled": true,
      "visible": true,
      "lvalues": [
        "Perfil 3",
        "Perfil 2",
        "Perfil 1"
      ]
    },
    {
      "id": "include_in_global_search",
      "type": "bool",
      "label": "Incluir en busqueda global",
      "default": false,
      "enabled": true,
      "visible": true
    }
  ]
}