{
  "id": "divxatope",
  "name": "Divxatope",
  "active": true,
  "adult": false,
  "language": ["cast", "lat"],
  "thumbnail": "divxatope.png",
  "banner": "divxatope.png",
  "version": 1,
  "changes": [
    {
      "date": "17/04/17",
      "description": "Reparados torrents, añadidas nuevas secciones"
    },
    {
      "date": "13/01/17",
      "description": "Reparados torrents y paginacion. Añadida seccion Peliculas 4K ultraHD"
    },
    {
      "date": "31/12/16",
      "description": "Adaptado, por cambios en la web"
    },
    {
      "date": "01/07/16",
      "description": "Eliminado código innecesario."
    },
    {
      "date": "29/04/16",
      "description": "Adaptar a Buscador global y Novedades Peliculas y Series"
    }
  ],
  "categories": [
    "torrent",
    "movie",
    "tvshow"
  ],
  "settings": [
    {
      "id": "include_in_global_search",
      "type": "bool",
      "label": "Incluir en busqueda global",
      "default": false,
      "enabled": true,
      "visible": true
    },
    {
      "id": "include_in_newest_peliculas",
      "type": "bool",
      "label": "Incluir en Novedades - Peliculas",
      "default": true,
      "enabled": true,
      "visible": true
    },
    {
      "id": "include_in_newest_series",
      "type": "bool",
      "label": "Incluir en Novedades - Episodios de series",
      "default": true,
      "enabled": true,
      "visible": true
    }
  ]
}