{
  "id": "peliculasmx",
  "name": "PeliculasMX",
  "active": true,
  "adult": false,
  "language": ["lat"],
  "thumbnail": "peliculasmx.png",
  "banner": "peliculasmx.png",
  "version": 1,
  "changes": [
    {
      "date": "15/03/2017",
      "description": "limpieza código"
    },
    {
      "date": "01/11/2016",
      "description": "Adaptado por cambios en la web."
    }
  ],
  "categories": [
    "movie"
  ],
  "settings": [
    {
      "id": "include_in_global_search",
      "type": "bool",
      "label": "Incluir en busqueda global",
      "default": false,
      "enabled": true,
      "visible": true
    }
  ]
}