{
  "id": "seriesdanko",
  "name": "Seriesdanko",
  "active": true,
  "adult": false,
  "language": ["cast", "lat"],
  "thumbnail": "seriesdanko.png",
  "banner": "seriesdanko.png",
  "version": 1,
  "changes": [
    {
      "date": "06/04/2017",
      "description": "Mejoras en filtertools"
    },
    {
      "date": "27/01/2017",
      "description": "Fix añadir serie desde la búsqueda.."
    }
  ],
  "categories": [
    "tvshow",
    "vos"
  ],
  "settings": [
    {
      "id": "include_in_global_search",
      "type": "bool",
      "label": "Incluir en busqueda global",
      "default": false,
      "enabled": true,
      "visible": true
    },
    {
      "id": "filter_languages",
      "type": "list",
      "label": "Mostrar enlaces en idioma...",
      "default": 0,
      "enabled": true,
      "visible": true,
      "lvalues": [
        "No filtrar",
        "Español",
        "Latino",
        "VO",
        "VOS"
      ]
    }
  ]
}