{
  "id": "seriespapaya",
  "name": "SeriesPapaya",
  "active": true,
  "adult": false,
  "language": ["cast", "lat"],
  "thumbnail": "http://i.imgur.com/P1D92cf.png",
  "banner": "http://i.imgur.com/OHHvi5z.png",
  "version": 1,
  "changes": [
    {
      "date": "06/04/2017",
      "description": "Mejoras en filtertools"
    },
    {
      "date": "15/03/2017",
      "description": "limpieza código"
    },
    {
      "date": "02/10/2016",
      "description": "Primera version"
    }
  ],
  "categories": [
    "tvshow",
    "anime"
  ],
  "settings": [
    {
      "id": "filter_languages",
      "type": "list",
      "label": "Mostrar enlaces en idioma...",
      "default": 0,
      "enabled": true,
      "visible": true,
      "lvalues": [
        "No filtrar",
        "Español",
        "Inglés",
        "Latino",
        "Catalán",
        "VOS"
      ]
    },
    {
      "id": "include_in_global_search",
      "type": "bool",
      "label": "Incluir en busqueda global",
      "default": true,
      "enabled": true,
      "visible": true
    },
    {
      "id": "include_in_newest_series",
      "type": "bool",
      "label": "Incluir en Novedades - Episodios de series",
      "default": true,
      "enabled": true,
      "visible": true
    }
  ]
}