{
  "active": true,
  "changes": [
    {
      "date": "30/03/2020",
      "description": "Cambios internos"
    },
    {
      "date": "22/05/2019",
      "description": "Primera version"
    }
  ],
  "find_videos": {
    "ignore_urls": [],
    "patterns": [
      {
        "pattern": "gounlimited.to/(?:embed-|)([a-z0-9]+)",
        "url": "https://gounlimited.to/embed-\\1.html"
      }
    ]
  },
  "free": true,
  "id": "gounlimited",
  "ids": [],
  "name": "GO Unlimited",
  "settings": [],
  "version": 2
}
