{
  "active": true,
  "changes": [
    {
      "date": "03/04/2020",
      "description": "Reparado por cambios internos"
    },
    {
      "date": "29/03/2020",
      "description": "Reparado por cambios internos"
    },
    {
      "date": "02/01/2020",
      "description": "Reparado por cambios internos"
    },
    {
      "date": "30/12/2019",
      "description": "Soporte Python 3"
    },
    {
      "date": "09/08/2019",
      "description": "Reparado por cambios internos"
    },
    {
      "date": "27/06/2019",
      "description": "Reparado fallo"
    },
    {
      "date": "07/06/2019",
      "description": "Reparado por cambios internos"
    },
    {
      "date": "17/04/2019",
      "description": "Reparado por cambios internos"
    },
    {
      "date": "07/04/2019",
      "description": "Desactivado por cambios internos"
    },
    {
      "date": "04/03/2019",
      "description": "Reparado por cambios internos"
    },
    {
      "date": "07/01/2019",
      "description": "Reparado por cambios internos"
    },
    {
      "date": "09/11/2018",
      "description": "Desactivado por cambios internos"
    },
    {
      "date": "07/06/2018",
      "description": "Cambios internos"
    },
    {
      "date": "23/08/2017",
      "description": "Primera version"
    }
  ],
  "find_videos": {
    "ignore_urls": [],
    "patterns": [
      {
        "pattern": "(?:hqq|waaw|netu)(?:\\.tv\\/|\\.watch\\/|\\.php\\?).*?(?:v=|vid=|hash=)([A-z0-9]+)",
        "url": "http://hqq.tv/player/embed_player.php?vid=\\1"
      }
    ]
  },
  "min_version": {
    "main": "2.1",
    "python": null
  },
  "free": true,
  "id": "netutv",
  "ids": [
    "netu",
    "waaw",
    "hqq"
  ],
  "name": "Netu.tv",
  "settings": [],
  "version": 14
}