{
    "active": true,
    "recaptcha": true,
    "changes": [
        {
            "date": "22/03/2019",
            "description": "Cambios internos"
        },
        {
            "date": "29/02/2020",
            "description": "Corregir url"
        },
        {
            "date": "27/02/2020",
            "description": "Cambio en código JS"
        },
        {
            "date": "23/02/2020",
            "description": "Cambio en código JS"
        },
        {
            "date": "26/01/2020",
            "description": "Arreglar fallo que hacia que algunos enlaces fallaran"
        },
        {
            "date": "10/01/2020",
            "description": "Cambio en código JS"
        },
        {
            "date": "04/01/2020",
            "description": "Añadida nueva id"
        },
        {
            "date": "26/12/2019",
            "description": "Cambio en código JS"
        },
        {
            "date": "12/12/2019",
            "description": "Deteccion del dominio"
        },
        {
            "date": "09/12/2019",
            "description": "Cambio dominio"
        },
        {
            "date": "01/12/2019",
            "description": "Cambio dominio"
        },
        {
            "date": "19/09/2019",
            "description": "Corregido patron"
        },
        {
            "date": "05/07/2019",
            "description": "Corregido algoritmo"
        },
        {
            "date": "07/05/2019",
            "description": "Corregido por cambios en la web"
        },
        {
            "date": "02/03/2019",
            "description": "Corregido patron"
        },
        {
            "date": "01/09/2018",
            "description": "Incluido soporte js"
        },
        {
            "date": "21/08/2018",
            "description": "Añadido soporte povw1deo.com"
        },
        {
            "date": "23/07/2018",
            "description": "Corregido algoritmo"
        },
        {
            "date": "14/07/2018",
            "description": "Corregido mensaje 'El vídeo está siendo procesado'"
        },
        {
            "date": "07/07/2018",
            "description": "Corregido algoritmo"
        },
        {
            "date": "08/06/2018",
            "description": "Corregido algoritmo"
        },
        {
            "date": "14/04/2018",
            "description": "Corregido gracias a Alfa Team"
        },
        {
            "date": "31/03/2018",
            "description": "Corregido algoritmo"
        },
        {
            "date": "10/03/2018",
            "description": "Corregido regex"
        },
        {
            "date": "19/01/2018",
            "description": "Corregido algoritmo"
        },
        {
            "date": "18/08/2017", 
            "description": "Primera version"
        }
    ], 
    "find_videos": {
        "ignore_urls": [], 
        "patterns": [
            {
                "pattern": "(?:powvideo|povw1deo|powvldeo).(?:net|xyz|com|co)/(?:embed-|iframe-|preview-|)([a-z0-9]+)",
                "url": "https://powvideo.net/embed-\\1-920x360.html"
            }
        ]
    },
    "min_version": {
        "main": "2.1",
        "python": null
    },
    "free": true, 
    "id": "powvideo",
    "ids": [
        "povw1deo",
        "powvldeo"
    ],
    "name": "Powvideo", 
    "settings": [],
    "version": 27
}