{
  "active": true,
  "changes": [
    {
      "date": "24/03/2021",
      "description": "Cambios en la web"
    },
    {
      "date": "24/08/2007",
      "description": "Primera version"
    }
  ],
  "id": "alldebrid",
  "name": "ALLDebrid",
  "settings": [
    {
      "label": "Activar cuenta premium:",
      "type": "bool",
      "id": "account",
      "default": false
    }
  ],
  "servers":[
    "turbo", "fastbit", "uppit", "userscloud", "anzfile", "videobin", "cloudvideo", "dropgalaxy", "sendit", "fireget",
    "takefile", "world-files", "harefile", "cloudfile", "bayfiles", "dl.free", "rapidgator", "9xupload", "1fichier",
    "exload", "uploadboy", "playvidto", "hexupload", "prefiles", "pandafiles", "vipfile", "douploads", "filerio",
    "vidlox", "filezip", "vev", "turbobit", "clicknupload", "letsupload", "usersdrive", "btafile", "alldebrid",
    "4shared", "feurl", "goloady", "nelion", "uploadcloud", "hotlink", "sendspace", "filespace", "mixdrop", "gigapeta",
    "mexashare", "giga-down", "ubiqfile", "zippyshare", "dailyuploads", "file4safe", "racaty", "uploadbox", "uptobox",
    "cosmobox", "wayupload", "desfichiers", "down", "katfile", "fileupload", "mega", "simfileshare", "pjointe", "ul",
    "dfichiers", "drive", "mediafire", "brupload", "vshare", "isra", "file-upload", "worldbytez", "uploaded",
    "dropmyfiles", "rg", "florenfile", "megadl", "scribd", "hitfile", "bdupload", "uploader", "dropapk", "fileup",
    "uploadev", "ddl", "indishare", "earn4files", "mesfichiers", "file", "wipfiles", "filefactory", "fshare",
    "flashbit", "novafile", "example", "piecejointe", "tenvoi", "mexa", "clipwatching", "rapidrar", "uploadrar",
    "filedown", "vidto-do", "wdupload", "dl4free", "alterupload", "xubster", "vidtodo", "wushare", "userupload",
    "rarefile", "filebonus", "upload", "cjoint", "uptostream", "load", "inclouddrive", "mixloads", "vidoza",
    "uploadedto", "1fichier"
  ],
  "version": 3
}