{
  "active": true,
  "name": "Plusdede",
  "adult": false,
  "categories": [
    "movie",
    "tvshow"
  ],
  "changes": [
    {
      "date": "14/05/2017",
      "description": "Eliminada la necesidad de captcha para el login"
    }
  ],
  "id": "plusdede",
  "language": "es",
  "min_version": {
    "main": null,
    "python": null
  },
  "newest": {
    "movie": {
      "action": "movies",
      "url": "https://www.plusdede.com/pelis",
      "content_type": "movies"
    },
    "tvshow": {
      "action": "tvshows",
      "url": "https://www.plusdede.com/series",
      "content_type": "tvshows"
    },
    "episode":{
          "action": "tvshows",
          "url": "https://www.plusdede.com/series",
          "content_type": "episodes"
        }
  },
  "search": {
    "movie":{
      "action": "movie_search",
      "content_type": "movies"
    },
    "tvshow": {
      "action": "tv_search",
      "content_type": "tvshows"
    }
  },
  "settings": [
    {
      "default": "",
      "enabled": true,
      "id": "user",
      "label": "Usuario:",
      "type": "text",
      "visible": true
    },
    {
      "default": "",
      "enabled": true,
      "hidden": true,
      "id": "password",
      "label": "Contraseña:",
      "type": "text",
      "visible": true
    }
  ],
  "version": 15
}