{
  "active": true,
  "changes": [
    {
      "date": "12/04/2020",
      "description": "Añadido dominio"
    },
    {
      "date": "13/07/2020",
      "description": "Corregido por cambios en el servidor"
    },
    {
      "date": "25/04/2020",
      "description": "Corregido algoritmo"
    },
    {
      "date": "31/12/2019",
      "description": "Corregido algoritmo"
    },
    {
      "date": "03/07/2019",
      "description": "Corregido pattern"
    },
    {
      "date": "28/02/2019",
      "description": "Corregido pattern"
    },
    {
      "date": "14/02/2019",
      "description": "Corregido pattern"
    },
    {
      "date": "29/09/2018",
      "description": "Corregido pattern"
    },
    {
      "date": "01/09/2018",
      "description": "Incluido soporte js"
    },
    {
      "date": "29/08/2018",
      "description": "Corregido algoritmo"
    },
    {
      "date": "22/05/2018",
      "description": "Primera version"
    }
  ],
  "find_videos": {
    "ignore_urls": [],
    "patterns": [
      {
        "pattern": "https?://(?:clipwatching.com|highstream.tv)/(?:embed-|)([a-z0-9]+)(?:.html|)",
        "url": "https://highstream.tv/\\1.html"
      }
    ]
  },
  "free": true,
  "id": "clipwatching",
  "name": "Clipwatching",
  "settings": [],
  "version": 12
}
