{
    "active": true,
    "changes": [
        {
            "date": "01/03/2020",
            "description": "Reparado por cambios en la web"
        },
        {
            "date": "28/12/2020",
            "description": "Reparado por cambios en la web"
        },
        {
            "date": "21/11/2020",
            "description": "Cambio en el patron"
        },
        {
            "date": "17/11/2020",
            "description": "Reparado por cambios en la web"
        },
        {
            "date": "08/08/2020",
            "description": "Primera version"
        }
    ],
    "find_videos": {
        "ignore_urls": [],
        "patterns": [
            {
                "pattern": "(https://streamtape.com/(?:e|v)/[a-z0-9A-Z]+)/?.*?",
                "url": "\\1"
            }
        ]
    },
    "free": true,
    "id": "streamtape",
    "name": "Streamtape",
    "settings": [],
    "version": 5
}