﻿<?xml version="1.0" encoding="UTF-8" standalone="yes"?>
<addon id="plugin.video.omega" name="Omega" version="2.2.3" provider-name="Omega fork">
  <requires>
    <import addon="xbmc.python" version="2.1.0"/>
    <import addon="script.module.libtorrent" optional="true"/>
  </requires>
  <extension point="xbmc.python.pluginsource" library="default.py">
    <provides>video</provides>
  </extension>
  <extension point="xbmc.addon.metadata">
    <assets>
      <icon>icon.png</icon>
      <fanart>fanart.jpg</fanart>
      <screenshot>resources/media/general/ss/1.jpg</screenshot>
      <screenshot>resources/media/general/ss/2.jpg</screenshot>
      <screenshot>resources/media/general/ss/3.jpg</screenshot>
      <screenshot>resources/media/general/ss/4.jpg</screenshot>
    </assets>
      <news>[B]Omega fork:[/B]
[COLOR green][B]•2.2.3[/B] Update fork[/COLOR]
[COLOR yellow][B]•2.1.1[/B] Update fork[/COLOR]
[COLOR yellow][B]•2.0.4[/B] Update resources[/COLOR]
[COLOR yellow][B]•2.0.1[/B] Initial Beta Omega fork[/COLOR]</news>
    <summary lang="es">Navega con Kodi por páginas web.</summary>
    <summary lang="en">Browse web pages using Kodi</summary>
    <description lang="es">Navega con Kodi por páginas web para ver sus videos de manera fácil.</description>
    <description lang="en">Browse web pages using Kodi, you can easily watch their video content.</description>
    <disclaimer>[COLOR red]The owners and submitters to this addon do not host or distribute any of the content displayed by these addons nor do they have any affiliation with the content providers.[/COLOR]</disclaimer>
    <platform>all</platform>
    <license>GNU GPL v3</license>
    <forum></forum>
    <website></website>
    <email></email>
    <source></source>
  </extension>
  <extension point="xbmc.service" library="videolibrary_service.py" start="login|startup">
  </extension>
</addon>
