{
  "settings": [
    {
      "id": "service",
      "label": "Servicio activo:",
      "lvalues": "eval(['Ninguno'] + [s['name'] for s in __import__('recaptcha').get_services()])",
      "type": "list",
      "value": "eval(__import__('recaptcha').get_active_service())",
      "default": 0
    },
    {
      "id": "timeout",
      "label": "Tiempo máximo de espera:",
      "lvalues": [
        "Ilimitado",
        "60 Segundos",
        "30 Segundos",
        "15 Segundos",
        "5 Segundos"
      ],
      "type": "list",
      "visible": "!eq(-1,0)",
      "default": 0
    },
    {
      "id": "hide_items",
      "label": "Ocultar canales/servidores que user reCaptcha:",
      "type": "bool",
      "visible": "eq(-2,0)",
      "default": false
    }
  ]
}