<?xml version="1.0" encoding="UTF-8"?>
<window>
	<defaultcontrol always="true">50</defaultcontrol>
	<backgroundcolor>background</backgroundcolor>
	<views>50,51</views>
	<menucontrol>9000</menucontrol>
	<controls>
		<include>DefaultBackground</include>
		<control type="group">
			<animation effect="fade" start="100" end="0" time="200" tween="sine" condition="$EXP[infodialog_active]">Conditional</animation>
			<control type="group">
				<description>Guide Timeline</description>
				<visible>Control.IsVisible(50) | Control.IsVisible(51)</visible>
				<include>OpenClose_Right</include>
				<include>Visible_Right</include>
				<control type="group">
					<top>140</top>
					<depth>DepthContentPanel</depth>
					<control type="image">
						<left>0</left>
						<top>-10</top>
						<width>100%</width>
						<bottom>336</bottom>
						<texture colordiffuse="E6FFFFFF">dialogs/dialog-bg-nobo.png</texture>
					</control>
					<include content="EpgGrid">
						<param name="control_id" value="50"/>
						<param name="control_orientation" value="vertical"/>
						<param name="viewtype_label" value="19297"/>
						<param name="progress_texture_border" value="0,60,18,14"/>
						<param name="progress_texture" value="windows/pvr/epg_progress_vertical.png"/>
						<param name="has_rulerdate_layout" value="false"/>
						<param name="ruler_width" value="1400"/>
						<param name="ruler_label_width" value="365"/>
						<param name="channel_width" value="350"/>
						<param name="scrollbar_top" value="47"/>
					</include>
					<include content="EpgGrid">
						<param name="control_id" value="51"/>
						<param name="control_orientation" value="horizontal"/>
						<param name="viewtype_label" value="19298"/>
						<param name="progress_texture_border" value="5,10,5,10"/>
						<param name="progress_texture" value="windows/pvr/epg_progress_horizontal.png"/>
						<param name="has_rulerdate_layout" value="true"/>
						<param name="ruler_width" value="150"/>
						<param name="ruler_label_width" value="150"/>
						<param name="channel_width" value="310"/>
						<param name="scrollbar_top" value="105"/>
					</include>
				</control>
				<control type="group">
					<bottom>0</bottom>
					<height>300</height>
					<control type="image">
						<left>10</left>
						<width>240</width>
						<height>200</height>
						<aspectratio align="right">keep</aspectratio>
						<fadetime>400</fadetime>
						<texture>$INFO[ListItem.Icon]</texture>
					</control>
					<control type="label">
						<top>-9</top>
						<left>300</left>
						<right>60</right>
						<height>30</height>
						<textcolor>button_focus</textcolor>
						<label>$INFO[ListItem.StartTime,, - ]$INFO[ListItem.EndTime]$INFO[ListItem.EpgEventTitle,  [COLOR white],[/COLOR]]$INFO[ListItem.EpisodeName, [COLOR grey](,)[/COLOR]]$INFO[ListItem.Genre,      $LOCALIZE[515]: [COLOR grey],[/COLOR]]</label>
					</control>
					<control type="textbox">
						<left>300</left>
						<top>38</top>
						<right>60</right>
						<height>173</height>
						<label>$INFO[ListItem.Plot]</label>
						<autoscroll delay="10000" time="3000" repeat="10000">Skin.HasSetting(AutoScroll)</autoscroll>
					</control>
				</control>
			</control>
			<include>PVRChannelNumberInput</include>
			<include content="TopBar">
				<param name="breadcrumbs_label" value="$VAR[BreadcrumbsPVRGuideVar]" />
				<param name="sublabel" value="" />
			</include>
			<include content="BottomBar">
				<param name="info_visible" value="true" />
			</include>
			<control type="group">
				<include>MediaMenuCommon</include>
				<include content="PVRSideBar">
					<param name="group_label2" value="$INFO[Control.GetLabel(30)]" />
				</include>
			</control>
		</control>
		<control type="label" id="29">
			<font></font>
			<include>HiddenObject</include>
		</control>
		<control type="label" id="30">
			<font></font>
			<include>HiddenObject</include>
		</control>
	</controls>
</window>
