<?xml version="1.0" encoding="utf-8"?>
<window>
    <allowoverlays>false</allowoverlays>
    <controls>
      <control type="group" id="10001">
        <posx>250</posx>
        <posy>60</posy>
        <width>700</width>
        <height>600</height>
        <control type="image">
			<width>700</width>
			<height>600</height>
			<texture>Windows/DialogBack.png</texture>
        </control>
		<control type="fadelabel" id="10000">
			<posy>20</posy>
			<posx>30</posx>
			<height>30</height>
			<width>630</width>
			<textcolor>0xFFFFA500</textcolor>
			<align>center</align>
			<label></label>
	  </control>
        <control type="button" id="10002">
            <posy>530</posy>
            <posx>110</posx>
            <width>140</width>
            <height>30</height>
            <textwidth>100</textwidth>
            <texturefocus>Controls/KeyboardKey.png</texturefocus>
            <texturenofocus>Controls/KeyboardKeyNF.png</texturenofocus>
            <align>center</align>
            <aligny>center</aligny>
            <label>Aceptar</label>
			<onup>10013</onup>
			<ondown>10003</ondown>
			<onleft>10013</onleft>
			<onright>10003</onright>
		</control>
        <control type="button" id="10003">
            <posy>530</posy>
            <posx>280</posx>
            <width>140</width>
            <height>30</height>
            <textwidth>100</textwidth>
            <texturefocus>Controls/KeyboardKey.png</texturefocus>
            <texturenofocus>Controls/KeyboardKeyNF.png</texturenofocus>
            <align>center</align>
            <aligny>center</aligny>
            <label>Cancelar</label>
			<onup>10002</onup>
			<ondown>10004</ondown>
			<onleft>10002</onleft>
			<onright>10004</onright>
        </control>
        <control type="button" id="10004">
            <posy>530</posy>
            <posx>450</posx>
            <width>140</width>
            <height>30</height>
            <textwidth>100</textwidth>
            <texturefocus>Controls/KeyboardKey.png</texturefocus>
            <texturenofocus>Controls/KeyboardKeyNF.png</texturenofocus>
            <align>center</align>
            <aligny>center</aligny>
            <label>Recargar</label>
			<onup>10003</onup>
			<ondown>10005</ondown>
			<onleft>10003</onleft>
			<onright>10005</onright>
		</control>
        <control type="image" id="10020">
            <posy>70</posy>
            <posx>120</posx>
            <width>450</width>
            <height>450</height>
        </control>
        <control type="togglebutton" id="10005">
            <posy>70</posy>
            <posx>120</posx>
            <width>150</width>
            <height>150</height>
            <texturefocus border="50" colordiffuse="50D8D8D8">Controls/KeyboardKeyWhite.png</texturefocus>
            <texturenofocus border="15" colordiffuse="FFA2B2E7">Controls/KeyboardKeyNF.png</texturenofocus>
		    <alttexturefocus>Controls/check_mark.png</alttexturefocus>
		    <alttexturenofocus>Controls/check_mark.png</alttexturenofocus>
			<onup>10004</onup>
			<ondown>10006</ondown>
			<onleft>10004</onleft>
			<onright>10006</onright>
		</control>
        <control type="togglebutton" id="10006">
            <posy>70</posy>
            <posx>270</posx>
            <width>150</width>
            <height>150</height>
            <texturefocus border="50" colordiffuse="50D8D8D8">Controls/KeyboardKeyWhite.png</texturefocus>
            <texturenofocus border="15" colordiffuse="FFA2B2E7">Controls/KeyboardKeyNF.png</texturenofocus>
		    <alttexturefocus>Controls/check_mark.png</alttexturefocus>
		    <alttexturenofocus>Controls/check_mark.png</alttexturenofocus>
			<onup>10005</onup>
			<ondown>10007</ondown>
			<onleft>10005</onleft>
			<onright>10007</onright>
		</control>
        <control type="togglebutton" id="10007">
            <posy>70</posy>
            <posx>420</posx>
            <width>150</width>
            <height>150</height>
            <texturefocus border="50" colordiffuse="50D8D8D8">Controls/KeyboardKeyWhite.png</texturefocus>
            <texturenofocus border="15" colordiffuse="FFA2B2E7">Controls/KeyboardKeyNF.png</texturenofocus>
		    <alttexturefocus>Controls/check_mark.png</alttexturefocus>
		    <alttexturenofocus>Controls/check_mark.png</alttexturenofocus>
			<onup>10006</onup>
			<ondown>10008</ondown>
			<onleft>10006</onleft>
			<onright>10008</onright>
		</control>
        <control type="togglebutton" id="10008">
            <posy>220</posy>
            <posx>120</posx>
            <width>150</width>
            <height>150</height>
            <texturefocus border="50" colordiffuse="50D8D8D8">Controls/KeyboardKeyWhite.png</texturefocus>
            <texturenofocus border="15" colordiffuse="FFA2B2E7">Controls/KeyboardKeyNF.png</texturenofocus>
		    <alttexturefocus>Controls/check_mark.png</alttexturefocus>
		    <alttexturenofocus>Controls/check_mark.png</alttexturenofocus>
			<onup>10007</onup>
			<ondown>10009</ondown>
			<onleft>10007</onleft>
			<onright>10009</onright>
		</control>
        <control type="togglebutton" id="10009">
            <posy>220</posy>
            <posx>270</posx>
            <width>150</width>
            <height>150</height>
            <texturefocus border="50" colordiffuse="50D8D8D8">Controls/KeyboardKeyWhite.png</texturefocus>
            <texturenofocus border="15" colordiffuse="FFA2B2E7">Controls/KeyboardKeyNF.png</texturenofocus>
		    <alttexturefocus>Controls/check_mark.png</alttexturefocus>
		    <alttexturenofocus>Controls/check_mark.png</alttexturenofocus>
			<onup>10008</onup>
			<ondown>10010</ondown>
			<onleft>10008</onleft>
			<onright>10010</onright>
		</control>
        <control type="togglebutton" id="10010">
            <posy>220</posy>
            <posx>420</posx>
            <width>150</width>
            <height>150</height>
            <texturefocus border="50" colordiffuse="50D8D8D8">Controls/KeyboardKeyWhite.png</texturefocus>
            <texturenofocus border="15" colordiffuse="FFA2B2E7">Controls/KeyboardKeyNF.png</texturenofocus>
		    <alttexturefocus>Controls/check_mark.png</alttexturefocus>
		    <alttexturenofocus>Controls/check_mark.png</alttexturenofocus>
			<onup>10009</onup>
			<ondown>10011</ondown>
			<onleft>10009</onleft>
			<onright>10011</onright>
		</control>
        <control type="togglebutton" id="10011">
            <posy>370</posy>
            <posx>120</posx>
            <width>150</width>
            <height>150</height>
            <texturefocus border="50" colordiffuse="50D8D8D8">Controls/KeyboardKeyWhite.png</texturefocus>
            <texturenofocus border="15" colordiffuse="FFA2B2E7">Controls/KeyboardKeyNF.png</texturenofocus>
		    <alttexturefocus>Controls/check_mark.png</alttexturefocus>
		    <alttexturenofocus>Controls/check_mark.png</alttexturenofocus>
			<onup>10010</onup>
			<ondown>10012</ondown>
			<onleft>10010</onleft>
			<onright>10012</onright>
		</control>
        <control type="togglebutton" id="10012">
            <posy>370</posy>
            <posx>270</posx>
            <width>150</width>
            <height>150</height>
            <texturefocus border="50" colordiffuse="50D8D8D8">Controls/KeyboardKeyWhite.png</texturefocus>
            <texturenofocus border="15" colordiffuse="FFA2B2E7">Controls/KeyboardKeyNF.png</texturenofocus>
		    <alttexturefocus>Controls/check_mark.png</alttexturefocus>
		    <alttexturenofocus>Controls/check_mark.png</alttexturenofocus>
			<onup>10011</onup>
			<ondown>10013</ondown>
			<onleft>10011</onleft>
			<onright>10013</onright>
		</control>
        <control type="togglebutton" id="10013">
            <posy>370</posy>
            <posx>420</posx>
            <width>150</width>
            <height>150</height>
            <texturefocus border="50" colordiffuse="50D8D8D8">Controls/KeyboardKeyWhite.png</texturefocus>
            <texturenofocus border="15" colordiffuse="FFA2B2E7">Controls/KeyboardKeyNF.png</texturenofocus>
		    <alttexturefocus>Controls/check_mark.png</alttexturefocus>
		    <alttexturenofocus>Controls/check_mark.png</alttexturenofocus>
			<onup>10012</onup>
			<ondown>10002</ondown>
			<onleft>10012</onleft>
			<onright>10002</onright>
		</control>
	  </control>
    </controls>
</window>