{
  "active": true,
  "name": "Mejortorrent",
  "adult": false,
  "categories": [
    "movie",
    "tvshow"
  ],
  "changes": [
    {
      "date": "29/11/2020",
      "description": "Desactivado por cambios en la web"
    },
    {
      "date": "15/08/2020",
      "description": "Reparada por cambios en la web"
    },
    {
      "date": "17/06/2020",
      "description": "Reparada por cambios en la web"
    },
    {
      "date": "07/05/2020",
      "description": "Reparada por cambios en la web"
    },
    {
      "date": "03/09/2019",
      "description": "Reparada seccoon alfabetico"
    },
    {
      "date": "06/07/2019",
      "description": "Cambio de dominio"
    },
    {
      "date": "28/03/2019",
      "description": "Añadida opcion proxy"
    },
    {
      "date": "04/02/2019",
      "description": "Agrupar contenidos"
    },
    {
      "date": "12/01/2019",
      "description": "Cambios en la web"
    },
    {
      "date": "02/07/2018",
      "description": "Primera versión"
    }
  ],
  "id": "mejortorrent",
  "min_version": {
    "main": "1.1.2.1",
    "python": null
  },
  "search": {
    "movie":{
      "action": "search",
      "content_type": "movies"
    },
    "tvshow":{
      "action": "search",
      "content_type": "tvshows"
    }
  },
  "newest": {
    "movie": {
      "action": "newest_movies",
      "content_type": "movies"
    },
    "episode":{
      "action": "newest_series",
      "content_type": "episodes"
    }
  },
  "settings": [],
  "version": 11
}
