<?xml version="1.0" encoding="utf-8"?>
<window>
    <allowoverlays>false</allowoverlays>
    <controls>
        <control type="group" id="10001">
            <posx>440</posx>
            <posy>242</posy>
            <width>500</width>
            <height>340</height>
            <control type="image">
                <width>500</width>
                <height>340</height>
                <texture border="10">Windows/Background.png</texture>
            </control>
            <control type="image">
                <width>500</width>
                <height>35</height>
                <texture border="10">Windows/Head.png</texture>
            </control>
            <control type="label" id="10002">
                <posy>0</posy>
                <posx>0</posx>
                <height>35</height>
                <width>500</width>
                <font>font12</font>
                <textcolor>0xFFFFFFFF</textcolor>
                <align>center</align>
                <aligny>center</aligny>
            </control>
            <control type="button" id="10003">
                <posx>470</posx>
                <posy>5</posy>
                <width>25</width>
                <height>25</height>
                <texturefocus>Controls/CloseFO.png</texturefocus>
                <texturenofocus>Controls/CloseNF.png</texturenofocus>
            </control>

            <control type="image" id="10004">
                <posy>60</posy>
                <posx>25</posx>
                <width>200</width>
                <height>200</height>
            </control>
            <control type="label" id="10005">
                <posy>50</posy>
                <posx>240</posx>
                <width>250</width>
                <height>220</height>
                <wrapmultiline>true</wrapmultiline>
                <align>center</align>
                <aligny>center</aligny>
            </control>
            <control type="button" id="10006">
                <posy>290</posy>
                <posx>180</posx>
                <width>140</width>
                <height>30</height>
                <textwidth>100</textwidth>
                <texturefocus>Controls/ButtonFO.png</texturefocus>
                <texturenofocus>Controls/ButtonNF.png</texturenofocus>
                <align>center</align>
                <aligny>center</aligny>
                <label>Aceptar</label>
            </control>
            <control type="button" id="10007">
                <posy>290</posy>
                <posx>340</posx>
                <width>140</width>
                <height>30</height>
                <textwidth>100</textwidth>
                <texturefocus>Controls/ButtonFO.png</texturefocus>
                <texturenofocus>Controls/ButtonNF.png</texturenofocus>
                <align>center</align>
                <aligny>center</aligny>
                <label>Cancelar</label>
            </control>
        </control>
    </controls>
</window>
