{
  "active": true,
  "adult": true,
  "categories": ["adult"],
  "changes": [
    {
      "date": "07/04/2020",
      "description": "Limitado el numero de items por página"
    },
    {
      "date": "30/12/2019",
      "description": "Soporte Python 3"
    },
    {
      "date": "04/10/2019",
      "description": "Cambios en la web"
    },
    {
      "date": "08/09/2019",
      "description": "Corregidas imagenes de videos"
    },
    {
      "date": "03/07/2019",
      "description": "Añadidas mas calidades"
    },
    {
      "date": "07/01/2019",
      "description": "Cambios en la web"
    },
    {
      "date": "11/08/2018",
      "description": "Reparado categorias y búsqueda"
    },
    {
      "date": "01/09/2017",
      "description": "Primera versi\u00f3n"
    }
  ],
  "id": "beeg",
  "min_version": {
    "main": null,
    "python": null
  },
  "name": "Beeg",
  "search": {
    "adult": {
      "action": "search",
      "content": "items"
    }
  },
  "settings": [],
  "version": 8
}